,Team,Median of matches_played,Median of starts,Median of minutes,Median of non_penalty_goals,Median of penalty_goals,Median of assists,Median of yellow_cards,Median of red_cards,Median of xG_x,Median of npxG_x,Median of xAG_x,Median of prgC,Median of prgP,Median of prgR,Median of gls_per90,Median of ast_per90,Median of g+a_per90,Median of g-pk_per90,Median of g+a-pk_per90,Median of xg_per90,Median of xag_per90,Median of xg+xag_per90,Median of npxg_per90,Median of npxg+xag_per90,Median of GA,Median of GA90,Median of SoTA,Median of Saves,Median of Save%,Median of W,Median of D,Median of L,Median of CS,Median of CS%,Median of PKatt_x,Median of PKA,Median of PKsv,Median of PKm,Median of Save%PK,Median of Gls,Median of Sh_x,Median of SoT,Median of SoT%,Median of Sh/90,Median of SoT/90,Median of G/Sh,Median of G/SoT,Median of Dist,Median of FK_x,Median of PK,Median of PKatt_y,Median of xG_y,Median of npxG_y,Median of npxG/Sh,Median of G-xG,Median of np:G-xG,Median of Cmp_x,Median of Att,Median of Cmp%,Median of TotDist_x,Median of PrgDist,Median of Cmp_Short,Median of Att_Short,Median of Cmp%_Short,Median of Cmp_Medium,Median of Att_Medium,Median of Cmp%_Medium,Median of Cmp_Long,Median of Att_Long,Median of Cmp%_Long,Median of Ast,Median of xAG_y,Median of xA,Median of A-xAG,Median of KP,Median of 1/3_x,Median of PPA,Median of CrsPA,Median of PrgP,Median of Live_x,Median of Dead,Median of FK_y,Median of TB,Median of Sw,Median of Crs_x,Median of TI,Median of CK,Median of CK_In,Median of CK_Out,Median of CK_Str,Median of Cmp_y,Median of Off_x,Median of Blocks_x,Median of SCA,Median of SCA90,Median of PassLive,Median of PassDead,Median of TO,Median of Sh_y,Median of Fld_x,Median of Def,Median of GCA,Median of GCA90,Median of GCA_PassLive,Median of GCA_PassDead,Median of GCA_TO,Median of GCA_Sh,Median of GCA_Fld,Median of GCA_Def,Median of Tkl,Median of TklW,Median of Def_3rd_x,Median of Mid_3rd_x,Median of Att_3rd_x,Median of Challenge_Tkl,Median of Challenges_Att,Median of Tkl_pct,Median of Challenges_Lost,Median of Blocks_y,Median of Blocked_Shots,Median of Blocked_Passes,Median of Interceptions,Median of Tkl_Int,Median of Clearances,Median of Errors,Median of Touches,Median of Def_Pen,Median of Def_3rd_y,Median of Mid_3rd_y,Median of Att_3rd_y,Median of Att_Pen,Median of Live_y,Median of TakeOn_Att,Median of TakeOn_Succ,Median of TakeOn_Succ_pct,Median of TakeOn_Tkld,Median of TakeOn_Tkld_pct,Median of Carries,Median of TotDist_y,Median of ProDist,Median of ProgC,Median of 1/3_y,Median of CPA,Median of Mis,Median of Dis,Median of Rec,Median of PrgR,Median of Starts,Median of Mn/Start,Median of Compl,Median of Subs,Median of Mn/Sub,Median of unSub,Median of PPM,Median of onG,Median of onGA,Median of onxG,Median of onxGA,Median of Fls,Median of Fld_y,Median of Off_y,Median of Crs_y,Median of OG,Median of Recov,Median of Won,Median of Lost,Median of Won%,Mean of matches_played,Mean of starts,Mean of minutes,Mean of non_penalty_goals,Mean of penalty_goals,Mean of assists,Mean of yellow_cards,Mean of red_cards,Mean of xG_x,Mean of npxG_x,Mean of xAG_x,Mean of prgC,Mean of prgP,Mean of prgR,Mean of gls_per90,Mean of ast_per90,Mean of g+a_per90,Mean of g-pk_per90,Mean of g+a-pk_per90,Mean of xg_per90,Mean of xag_per90,Mean of xg+xag_per90,Mean of npxg_per90,Mean of npxg+xag_per90,Mean of GA,Mean of GA90,Mean of SoTA,Mean of Saves,Mean of Save%,Mean of W,Mean of D,Mean of L,Mean of CS,Mean of CS%,Mean of PKatt_x,Mean of PKA,Mean of PKsv,Mean of PKm,Mean of Save%PK,Mean of Gls,Mean of Sh_x,Mean of SoT,Mean of SoT%,Mean of Sh/90,Mean of SoT/90,Mean of G/Sh,Mean of G/SoT,Mean of Dist,Mean of FK_x,Mean of PK,Mean of PKatt_y,Mean of xG_y,Mean of npxG_y,Mean of npxG/Sh,Mean of G-xG,Mean of np:G-xG,Mean of Cmp_x,Mean of Att,Mean of Cmp%,Mean of TotDist_x,Mean of PrgDist,Mean of Cmp_Short,Mean of Att_Short,Mean of Cmp%_Short,Mean of Cmp_Medium,Mean of Att_Medium,Mean of Cmp%_Medium,Mean of Cmp_Long,Mean of Att_Long,Mean of Cmp%_Long,Mean of Ast,Mean of xAG_y,Mean of xA,Mean of A-xAG,Mean of KP,Mean of 1/3_x,Mean of PPA,Mean of CrsPA,Mean of PrgP,Mean of Live_x,Mean of Dead,Mean of FK_y,Mean of TB,Mean of Sw,Mean of Crs_x,Mean of TI,Mean of CK,Mean of CK_In,Mean of CK_Out,Mean of CK_Str,Mean of Cmp_y,Mean of Off_x,Mean of Blocks_x,Mean of SCA,Mean of SCA90,Mean of PassLive,Mean of PassDead,Mean of TO,Mean of Sh_y,Mean of Fld_x,Mean of Def,Mean of GCA,Mean of GCA90,Mean of GCA_PassLive,Mean of GCA_PassDead,Mean of GCA_TO,Mean of GCA_Sh,Mean of GCA_Fld,Mean of GCA_Def,Mean of Tkl,Mean of TklW,Mean of Def_3rd_x,Mean of Mid_3rd_x,Mean of Att_3rd_x,Mean of Challenge_Tkl,Mean of Challenges_Att,Mean of Tkl_pct,Mean of Challenges_Lost,Mean of Blocks_y,Mean of Blocked_Shots,Mean of Blocked_Passes,Mean of Interceptions,Mean of Tkl_Int,Mean of Clearances,Mean of Errors,Mean of Touches,Mean of Def_Pen,Mean of Def_3rd_y,Mean of Mid_3rd_y,Mean of Att_3rd_y,Mean of Att_Pen,Mean of Live_y,Mean of TakeOn_Att,Mean of TakeOn_Succ,Mean of TakeOn_Succ_pct,Mean of TakeOn_Tkld,Mean of TakeOn_Tkld_pct,Mean of Carries,Mean of TotDist_y,Mean of ProDist,Mean of ProgC,Mean of 1/3_y,Mean of CPA,Mean of Mis,Mean of Dis,Mean of Rec,Mean of PrgR,Mean of Starts,Mean of Mn/Start,Mean of Compl,Mean of Subs,Mean of Mn/Sub,Mean of unSub,Mean of PPM,Mean of onG,Mean of onGA,Mean of onxG,Mean of onxGA,Mean of Fls,Mean of Fld_y,Mean of Off_y,Mean of Crs_y,Mean of OG,Mean of Recov,Mean of Won,Mean of Lost,Mean of Won%,Std of matches_played,Std of starts,Std of minutes,Std of non_penalty_goals,Std of penalty_goals,Std of assists,Std of yellow_cards,Std of red_cards,Std of xG_x,Std of npxG_x,Std of xAG_x,Std of prgC,Std of prgP,Std of prgR,Std of gls_per90,Std of ast_per90,Std of g+a_per90,Std of g-pk_per90,Std of g+a-pk_per90,Std of xg_per90,Std of xag_per90,Std of xg+xag_per90,Std of npxg_per90,Std of npxg+xag_per90,Std of GA,Std of GA90,Std of SoTA,Std of Saves,Std of Save%,Std of W,Std of D,Std of L,Std of CS,Std of CS%,Std of PKatt_x,Std of PKA,Std of PKsv,Std of PKm,Std of Save%PK,Std of Gls,Std of Sh_x,Std of SoT,Std of SoT%,Std of Sh/90,Std of SoT/90,Std of G/Sh,Std of G/SoT,Std of Dist,Std of FK_x,Std of PK,Std of PKatt_y,Std of xG_y,Std of npxG_y,Std of npxG/Sh,Std of G-xG,Std of np:G-xG,Std of Cmp_x,Std of Att,Std of Cmp%,Std of TotDist_x,Std of PrgDist,Std of Cmp_Short,Std of Att_Short,Std of Cmp%_Short,Std of Cmp_Medium,Std of Att_Medium,Std of Cmp%_Medium,Std of Cmp_Long,Std of Att_Long,Std of Cmp%_Long,Std of Ast,Std of xAG_y,Std of xA,Std of A-xAG,Std of KP,Std of 1/3_x,Std of PPA,Std of CrsPA,Std of PrgP,Std of Live_x,Std of Dead,Std of FK_y,Std of TB,Std of Sw,Std of Crs_x,Std of TI,Std of CK,Std of CK_In,Std of CK_Out,Std of CK_Str,Std of Cmp_y,Std of Off_x,Std of Blocks_x,Std of SCA,Std of SCA90,Std of PassLive,Std of PassDead,Std of TO,Std of Sh_y,Std of Fld_x,Std of Def,Std of GCA,Std of GCA90,Std of GCA_PassLive,Std of GCA_PassDead,Std of GCA_TO,Std of GCA_Sh,Std of GCA_Fld,Std of GCA_Def,Std of Tkl,Std of TklW,Std of Def_3rd_x,Std of Mid_3rd_x,Std of Att_3rd_x,Std of Challenge_Tkl,Std of Challenges_Att,Std of Tkl_pct,Std of Challenges_Lost,Std of Blocks_y,Std of Blocked_Shots,Std of Blocked_Passes,Std of Interceptions,Std of Tkl_Int,Std of Clearances,Std of Errors,Std of Touches,Std of Def_Pen,Std of Def_3rd_y,Std of Mid_3rd_y,Std of Att_3rd_y,Std of Att_Pen,Std of Live_y,Std of TakeOn_Att,Std of TakeOn_Succ,Std of TakeOn_Succ_pct,Std of TakeOn_Tkld,Std of TakeOn_Tkld_pct,Std of Carries,Std of TotDist_y,Std of ProDist,Std of ProgC,Std of 1/3_y,Std of CPA,Std of Mis,Std of Dis,Std of Rec,Std of PrgR,Std of Starts,Std of Mn/Start,Std of Compl,Std of Subs,Std of Mn/Sub,Std of unSub,Std of PPM,Std of onG,Std of onGA,Std of onxG,Std of onxGA,Std of Fls,Std of Fld_y,Std of Off_y,Std of Crs_y,Std of OG,Std of Recov,Std of Won,Std of Lost,Std of Won%
0,all,23.0,15.5,1396.5,1.0,0.0,1.0,2.0,0.0,1.1,1.1,1.0,17.0,43.5,30.0,0.07,0.05,0.15,0.07,0.15,0.08,0.07,0.17,0.08,0.17,27.5,1.64,79.0,54.0,67.6,5.5,4.0,6.0,3.0,19.5,2.0,2.0,0.0,0.0,0.0,1.0,12.0,4.0,32.4,1.04,0.29,0.08,0.27,16.3,0.0,0.0,0.0,1.1,1.1,0.09,-0.1,-0.1,490.0,622.0,78.6,7563.0,2313.0,242.0,275.0,88.6,174.0,210.5,84.5,31.0,59.5,53.15,1.0,1.0,0.9,-0.1,9.0,29.0,8.0,1.0,43.5,563.0,37.5,8.0,1.0,2.0,10.0,5.0,0.0,0.0,0.0,0.0,490.0,2.0,11.5,25.0,2.08,19.0,0.0,1.0,1.0,1.0,0.0,3.0,0.18,2.0,0.0,0.0,0.0,0.0,0.0,21.0,13.0,9.0,7.0,2.0,9.0,20.5,48.05,10.0,16.0,3.0,11.0,9.0,30.0,18.0,0.0,798.5,36.0,175.0,311.5,170.0,23.0,798.0,17.0,8.0,46.2,7.0,42.9,454.0,2319.5,1147.0,17.0,14.0,3.0,15.0,9.0,506.0,30.0,15.5,82.0,8.0,4.0,20.0,2.0,1.29,24.0,25.5,23.2,24.7,14.0,12.0,1.0,10.0,0.0,62.0,12.0,15.5,46.8,22.55,16.84,1509.72,2.41,0.19,1.73,3.3,0.12,2.42,2.25,1.74,28.69,58.98,58.33,0.14,0.1,0.24,0.13,0.23,0.15,0.1,0.25,0.14,0.25,32.76,1.77,96.03,64.34,66.25,7.84,4.32,7.84,4.13,19.62,2.82,2.53,0.21,0.08,9.72,2.41,20.86,7.14,31.39,1.3,0.44,0.09,0.3,16.53,0.57,0.19,0.22,2.42,2.25,0.1,-0.01,-0.03,631.2,781.86,78.18,10726.24,3794.44,303.41,339.48,88.02,257.57,297.11,82.83,53.83,103.64,54.38,1.73,1.74,1.54,-0.02,15.86,47.02,13.64,2.85,58.98,709.64,69.31,18.8,2.67,4.05,26.45,27.06,8.28,4.04,2.42,0.2,631.2,2.92,14.65,37.11,2.23,27.18,3.09,2.16,2.41,1.55,0.72,4.16,0.25,2.93,0.26,0.3,0.33,0.26,0.08,26.95,15.83,13.07,10.06,3.82,12.52,25.54,47.37,13.02,18.67,5.95,12.72,12.68,39.63,31.34,0.66,954.46,106.46,313.4,407.76,242.18,40.02,954.24,28.54,13.01,47.13,12.49,41.88,546.23,2886.74,1484.35,28.69,20.22,9.15,21.64,14.44,624.82,58.33,16.84,80.06,10.7,5.71,21.21,4.91,1.33,27.51,27.41,25.99,25.9,16.82,16.29,2.9,26.45,0.1,73.75,20.38,20.34,48.32,10.2,11.2,952.84,3.81,0.84,2.47,2.85,0.34,3.57,3.11,2.19,32.28,57.58,71.11,0.19,0.14,0.27,0.18,0.25,0.18,0.11,0.24,0.17,0.23,22.51,0.72,66.28,45.45,9.21,6.66,3.09,6.54,3.88,14.74,2.64,2.57,0.47,0.27,21.94,3.81,23.08,9.08,18.65,1.1,0.47,0.11,0.26,4.75,1.81,0.84,0.93,3.57,3.11,0.07,1.38,1.36,550.2,634.79,8.33,9779.8,4156.5,263.9,283.53,6.87,254.58,275.08,10.3,63.7,132.21,15.15,2.47,2.19,1.89,1.13,18.46,50.32,16.15,4.37,57.58,584.86,87.13,27.39,4.53,5.93,42.24,54.65,23.0,11.73,8.8,0.93,550.2,3.11,13.27,37.65,1.47,26.96,7.63,3.42,2.95,2.26,1.12,4.96,0.27,3.54,0.8,0.74,0.72,0.64,0.29,23.84,14.24,13.15,9.58,4.01,12.1,22.8,20.28,12.2,15.34,7.94,10.82,12.7,34.88,36.07,1.09,716.95,200.51,347.75,369.36,239.38,47.33,716.84,32.84,15.43,19.3,14.87,19.05,435.93,2283.47,1259.22,32.28,19.98,15.97,20.95,16.04,508.64,71.11,11.2,9.05,10.23,5.2,9.7,6.42,0.6,20.42,18.31,18.28,17.08,13.68,15.7,4.64,42.24,0.33,55.95,23.8,20.96,21.52
1,Arsenal,27.0,18.0,1649.0,2.0,0.0,2.0,2.0,0.0,1.6,1.6,1.4,17.0,72.0,37.0,0.12,0.17,0.25,0.12,0.25,0.12,0.13,0.24,0.12,0.24,14.5,0.79,41.5,27.0,66.2,14.0,2.5,2.5,9.0,41.65,1.5,1.0,0.5,0.0,33.3,2.0,17.0,5.0,31.6,1.34,0.3,0.1,0.34,15.6,0.0,0.0,0.0,1.6,1.6,0.11,0.2,0.0,699.0,785.0,83.7,9583.0,2564.0,306.0,342.0,90.9,229.0,267.0,85.9,37.0,60.0,54.3,2.0,1.4,0.9,0.4,9.0,43.0,14.0,2.0,72.0,759.0,49.0,7.0,3.0,2.0,12.0,6.0,0.0,0.0,0.0,0.0,699.0,3.0,11.0,28.0,2.86,25.0,1.0,1.0,1.0,1.0,0.0,5.0,0.38,3.0,0.0,0.0,0.0,0.0,0.0,24.0,15.0,9.0,9.0,4.0,11.0,22.0,50.0,7.0,18.0,1.0,15.0,12.0,36.0,9.0,0.0,912.0,25.0,182.0,389.0,239.0,31.0,912.0,14.0,8.0,40.9,6.0,44.3,591.0,3077.0,1532.0,17.0,21.0,6.0,13.0,9.0,650.0,37.0,18.0,80.0,7.0,7.0,17.0,3.0,2.34,39.0,11.0,37.3,12.2,15.0,13.0,1.0,12.0,0.0,59.0,15.0,16.0,48.8,10.19,13.09,1102.75,4.74,1.36,3.14,2.77,0.3,4.29,3.6,3.07,42.67,94.1,130.5,0.19,0.15,0.28,0.18,0.24,0.18,0.13,0.27,0.17,0.23,13.44,0.06,38.89,25.46,2.69,12.73,2.12,3.54,9.9,11.81,2.12,1.41,0.71,0.0,,4.74,29.87,10.14,10.28,1.22,0.44,0.09,0.23,4.48,0.96,1.36,1.36,4.29,3.6,0.04,1.54,1.56,735.47,820.17,6.26,12197.28,4680.44,352.21,378.56,4.51,350.74,375.53,6.81,50.0,102.65,13.16,3.14,3.07,3.23,1.28,28.94,70.97,30.36,3.94,94.1,777.28,66.18,22.55,8.32,3.98,45.59,51.21,27.92,23.29,0.22,0.0,735.47,4.02,13.62,59.48,1.67,46.29,7.01,3.92,3.29,2.04,1.43,6.99,0.35,5.32,1.18,0.67,0.75,1.02,0.0,22.46,13.12,9.98,10.53,4.98,10.24,20.46,22.24,12.19,15.07,8.67,11.16,12.08,33.29,28.95,1.28,909.01,173.76,372.35,488.04,369.74,78.2,908.71,36.88,15.08,14.38,17.54,15.47,566.77,2933.08,1541.2,42.67,24.15,23.07,21.18,18.47,667.3,130.5,13.09,7.19,12.5,5.84,5.64,8.45,0.15,29.36,9.68,24.56,8.97,13.71,16.97,5.29,45.59,0.22,60.38,28.0,24.83,21.11,26.81,19.86,1781.57,4.1,0.48,2.95,2.95,0.1,3.71,3.34,2.66,38.95,99.62,98.86,0.18,0.16,0.35,0.16,0.32,0.2,0.14,0.34,0.18,0.32,14.5,0.79,41.5,27.0,66.2,14.0,2.5,2.5,9.0,41.65,1.5,1.0,0.5,0.0,33.3,4.1,30.71,9.9,28.78,1.63,0.5,0.1,0.34,16.25,0.29,0.48,0.48,3.71,3.34,0.1,0.38,0.28,900.67,1064.62,82.7,14610.14,4839.48,457.95,501.62,91.06,368.48,413.76,87.3,55.81,102.48,55.6,2.95,2.66,2.74,0.29,24.38,72.76,26.0,3.24,99.62,988.38,72.1,20.9,4.95,3.05,31.67,26.1,12.62,10.33,0.05,0.0,900.67,4.14,15.05,56.33,2.76,44.0,3.9,2.76,3.14,1.57,0.95,7.24,0.41,4.95,0.76,0.38,0.52,0.62,0.0,28.95,16.48,12.19,11.67,5.1,12.9,25.81,56.22,12.9,19.52,5.05,14.48,13.86,42.81,24.48,0.86,1251.43,93.95,318.29,536.67,405.43,70.29,1250.95,31.86,13.43,43.03,14.48,46.14,769.33,3833.9,1961.52,38.95,27.14,15.57,24.95,17.81,892.67,98.86,19.86,80.95,12.52,6.95,16.62,6.67,2.37,47.43,15.19,39.71,14.54,18.38,18.67,4.1,31.67,0.05,83.0,23.81,23.62,48.83
2,Aston Villa,27.0,20.0,1652.0,2.0,0.0,1.0,4.0,0.0,1.4,1.4,1.0,32.0,55.0,33.0,0.11,0.08,0.21,0.11,0.21,0.1,0.09,0.21,0.1,0.21,30.5,2.16,86.5,57.5,64.0,10.0,4.0,5.0,4.0,11.75,1.0,0.5,0.5,0.0,50.0,2.0,14.0,5.0,35.0,0.78,0.35,0.11,0.38,15.9,0.0,0.0,0.0,1.4,1.4,0.12,0.0,0.0,573.0,790.0,80.4,8993.0,2559.0,293.0,329.0,89.9,184.0,242.0,85.7,48.0,82.0,57.6,1.0,1.0,1.0,-0.1,10.0,29.0,12.0,0.0,55.0,745.0,47.0,13.0,0.0,2.0,11.0,4.0,0.0,0.0,0.0,0.0,573.0,1.0,13.0,29.0,2.07,22.0,0.0,1.0,2.0,1.0,0.0,3.0,0.3,2.0,0.0,0.0,0.0,0.0,0.0,16.0,9.0,7.0,5.0,2.0,7.0,19.0,46.7,8.0,18.0,2.0,13.0,9.0,21.0,12.0,0.0,1017.0,44.0,215.0,318.0,186.0,27.0,1017.0,30.0,13.0,44.8,11.0,41.0,635.0,3527.0,1663.0,32.0,19.0,4.0,17.0,14.0,764.0,33.0,20.0,83.0,6.0,6.0,20.5,2.0,1.77,36.0,27.0,31.4,30.5,16.0,15.0,0.0,11.0,0.0,62.0,13.0,14.0,50.0,11.11,12.39,1057.0,4.51,0.83,3.55,3.17,0.29,3.76,3.66,2.71,29.3,56.02,74.14,0.26,0.16,0.32,0.26,0.32,0.16,0.1,0.21,0.16,0.21,24.75,1.03,74.25,53.03,3.11,12.73,5.66,2.83,5.66,16.62,0.0,0.71,0.71,0.0,70.71,4.51,24.9,10.51,11.01,1.07,0.42,0.12,0.26,3.56,1.67,0.83,0.83,3.76,3.66,0.07,1.51,1.47,567.57,647.13,7.16,10542.24,4236.25,235.23,252.02,6.98,300.07,320.09,8.06,60.18,111.96,11.28,3.55,2.71,2.1,1.51,18.66,49.19,16.78,4.74,56.02,578.25,86.49,35.91,5.24,5.95,40.74,54.74,22.97,14.64,1.82,0.42,567.57,2.27,12.48,37.57,1.27,26.21,7.98,2.78,4.3,1.47,0.66,6.43,0.28,4.46,0.88,0.65,1.5,0.57,0.34,20.04,12.09,9.98,10.12,2.75,10.28,20.6,20.77,11.43,11.52,6.18,8.21,9.08,28.66,26.42,1.08,711.88,238.15,389.62,365.49,214.65,51.96,711.54,31.3,15.51,15.4,13.56,15.3,457.07,2449.83,1427.93,29.3,17.22,13.28,19.65,17.47,498.01,74.14,12.39,8.68,11.07,6.06,11.07,8.33,0.36,24.32,17.37,20.29,17.11,13.44,18.84,4.02,40.74,0.49,52.14,12.94,16.46,22.61,24.17,18.13,1629.13,3.13,0.17,2.39,4.04,0.09,2.83,2.69,2.14,33.3,62.87,62.39,0.2,0.12,0.32,0.2,0.32,0.16,0.1,0.26,0.16,0.26,30.5,2.16,86.5,57.5,64.0,10.0,4.0,5.0,4.0,11.75,1.0,0.5,0.5,0.0,50.0,3.13,22.0,7.87,33.67,1.21,0.44,0.14,0.35,15.47,0.65,0.17,0.17,2.83,2.69,0.12,0.3,0.27,699.61,839.7,81.3,12198.52,4136.0,308.09,341.26,89.04,320.35,359.09,86.83,57.74,102.83,57.69,2.39,2.14,1.83,0.25,17.26,50.13,15.78,2.91,62.87,758.74,78.91,27.3,3.39,4.13,28.3,26.65,10.04,6.48,0.65,0.09,699.61,2.04,14.87,39.48,1.99,29.04,3.35,2.0,3.17,1.35,0.57,5.61,0.31,4.0,0.35,0.35,0.43,0.35,0.13,23.7,13.48,11.65,9.09,2.96,11.26,23.78,44.33,12.52,16.91,4.91,12.0,10.22,33.91,25.87,0.57,999.57,121.91,354.43,417.43,236.65,43.78,999.39,32.65,14.83,47.22,13.61,39.69,626.3,3400.17,1782.87,33.3,21.0,9.39,20.43,18.04,685.61,62.39,18.13,79.87,11.74,6.04,22.88,5.57,1.72,36.26,28.87,30.2,28.46,17.87,20.52,2.04,28.3,0.17,70.0,14.48,15.7,53.66
3,Bournemouth,25.5,13.0,1317.5,0.5,0.0,1.0,3.0,0.0,1.15,1.15,1.1,22.0,43.5,27.5,0.02,0.08,0.15,0.02,0.15,0.06,0.08,0.15,0.06,0.15,7.0,1.72,18.0,13.0,69.7,2.0,0.0,2.0,2.0,21.9,1.0,1.0,0.0,0.0,8.35,0.5,12.5,3.5,30.5,0.96,0.25,0.06,0.25,17.6,0.0,0.0,0.0,1.15,1.15,0.08,-0.1,-0.1,385.5,540.5,74.75,5953.0,1703.5,188.0,237.5,85.2,142.5,172.5,81.0,25.5,56.5,47.1,1.0,1.1,0.95,-0.05,10.5,25.0,12.5,2.0,43.5,463.0,42.5,6.5,1.0,2.5,14.0,4.0,0.0,0.0,0.0,0.0,385.5,1.5,16.5,30.0,2.37,25.5,1.0,1.0,1.5,1.0,1.0,3.0,0.2,2.0,0.0,0.0,0.0,0.0,0.0,24.0,14.5,7.5,9.5,3.5,9.0,27.0,47.35,13.0,17.0,3.0,12.5,7.5,33.5,22.0,0.0,733.0,43.0,138.0,284.0,160.5,14.5,733.0,17.5,10.0,43.1,8.0,42.6,365.5,2314.5,1162.0,22.0,17.5,2.5,16.0,9.0,421.5,27.5,13.0,83.0,5.5,5.5,23.0,3.0,1.23,19.0,28.5,19.0,26.05,16.0,12.5,1.0,14.0,0.0,72.0,15.0,21.0,42.1,11.85,12.73,1074.14,4.06,0.39,1.5,2.94,0.33,3.91,3.49,1.6,26.18,45.89,59.09,0.22,0.12,0.29,0.21,0.29,0.3,0.1,0.37,0.3,0.37,28.31,1.19,86.96,58.77,21.94,4.93,5.2,6.66,3.61,25.06,3.21,2.65,0.58,0.0,11.81,4.06,26.17,9.26,20.15,1.73,0.61,0.08,0.25,5.68,1.67,0.39,0.59,3.91,3.49,0.06,1.08,1.08,383.69,495.15,6.37,8029.2,3668.22,141.14,164.96,6.89,208.13,230.48,10.55,65.08,141.76,13.63,1.5,1.6,1.36,0.91,15.79,44.78,12.01,4.21,45.89,450.77,80.65,23.65,3.39,4.19,34.54,56.97,21.68,18.52,1.06,0.37,383.69,2.36,10.35,31.95,1.54,23.46,5.04,3.35,2.46,1.62,1.18,2.62,0.23,2.17,0.43,0.49,0.71,0.33,0.37,23.33,13.42,11.31,10.31,4.36,11.51,23.11,14.43,12.57,16.91,7.99,11.88,16.55,38.46,35.29,1.06,605.02,187.02,309.06,301.05,203.43,51.36,604.97,36.52,15.97,16.99,18.83,19.86,328.96,1977.68,1107.1,26.18,20.28,12.91,29.06,20.02,348.54,59.09,12.73,9.96,10.85,5.28,8.01,5.61,0.31,16.92,19.35,17.71,17.71,16.14,12.51,3.39,34.54,0.2,66.15,23.9,29.39,21.68,22.08,16.04,1438.42,2.0,0.08,1.5,3.0,0.12,2.19,2.1,1.57,27.04,50.04,49.5,0.14,0.11,0.25,0.14,0.25,0.19,0.11,0.3,0.19,0.3,22.33,2.16,64.67,42.33,61.3,4.33,3.0,5.33,3.0,23.97,2.33,2.0,0.33,0.0,8.35,2.0,20.54,6.65,30.62,1.56,0.52,0.07,0.25,17.31,0.69,0.08,0.12,2.19,2.1,0.09,-0.19,-0.17,455.15,608.62,73.93,8459.27,3185.35,190.15,224.15,85.91,201.88,237.92,81.71,53.31,113.38,49.3,1.5,1.57,1.28,-0.07,15.88,40.88,13.5,3.38,50.04,537.65,68.81,16.08,1.81,3.5,27.04,29.46,9.0,7.35,0.35,0.15,455.15,2.15,13.77,36.38,2.53,26.85,2.69,2.35,2.15,1.31,1.04,3.19,0.23,2.38,0.12,0.19,0.23,0.12,0.15,26.46,15.65,11.5,10.69,4.27,12.42,26.19,46.25,13.77,19.15,5.81,13.35,13.62,40.08,31.12,0.62,790.69,95.15,260.69,323.62,216.92,39.54,790.58,32.92,14.46,46.73,15.62,40.04,421.15,2536.69,1324.12,27.04,19.5,9.19,24.27,14.73,449.65,49.5,16.04,79.0,9.5,6.04,23.27,4.42,1.24,22.81,28.15,23.5,24.42,19.38,14.31,2.15,27.04,0.04,76.96,22.19,25.65,45.77
4,Brentford,26.0,15.0,1321.0,1.0,0.0,1.0,3.0,0.0,1.2,1.2,1.5,16.0,40.0,32.0,0.08,0.09,0.15,0.08,0.15,0.07,0.11,0.19,0.07,0.19,32.5,1.53,92.0,59.5,70.15,5.0,4.5,9.5,3.5,9.45,1.0,1.0,0.0,0.0,0.0,1.0,11.0,4.0,33.3,0.88,0.24,0.11,0.43,15.8,0.0,0.0,0.0,1.2,1.2,0.11,0.0,0.0,327.0,462.0,73.2,5565.0,1897.0,169.0,208.0,85.6,131.0,167.0,78.4,27.0,62.0,50.5,1.0,1.5,1.1,-0.1,11.0,29.0,10.0,2.0,40.0,428.0,49.0,8.0,1.0,3.0,16.0,15.0,0.0,0.0,0.0,0.0,327.0,2.0,13.0,26.0,2.26,20.0,0.0,1.0,2.0,1.0,0.0,3.0,0.13,2.0,0.0,0.0,0.0,0.0,0.0,26.0,15.0,12.0,9.0,2.0,9.0,20.0,45.85,10.0,15.0,3.0,11.0,10.0,33.0,17.0,0.0,704.0,32.0,132.0,281.0,177.0,24.0,704.0,17.0,9.0,44.7,7.0,43.85,358.0,1958.0,864.0,16.0,12.0,3.0,18.0,8.0,417.0,32.0,15.0,82.0,6.0,3.0,17.5,1.0,1.05,21.0,29.0,22.8,23.8,12.0,15.0,2.0,16.0,0.0,62.0,14.0,23.0,45.6,10.35,10.88,910.12,2.93,0.6,1.5,2.74,0.28,2.96,2.74,1.4,17.14,40.02,51.44,0.17,0.12,0.25,0.16,0.24,0.15,0.07,0.19,0.14,0.18,43.13,0.28,118.79,75.66,6.86,7.07,6.36,12.02,4.95,13.36,1.41,1.41,0.0,0.0,,2.93,18.05,7.06,20.17,0.89,0.41,0.11,0.28,4.87,1.82,0.6,0.6,2.96,2.74,0.08,1.13,1.15,388.83,488.78,7.1,8311.43,4585.87,159.39,181.86,7.7,197.12,217.77,10.65,79.86,164.46,8.72,1.5,1.4,1.42,0.85,11.41,31.84,11.04,5.28,40.02,431.57,98.17,33.57,3.82,5.64,30.57,29.84,16.47,7.67,4.49,1.19,388.83,2.43,8.87,24.87,1.01,17.04,8.26,1.6,2.16,2.1,0.71,2.93,0.23,2.23,0.68,0.33,0.56,0.52,0.0,20.44,12.39,11.71,8.25,2.77,10.13,24.66,22.95,16.34,14.32,7.33,10.68,15.05,34.08,42.95,1.11,565.26,253.19,379.28,246.75,156.82,33.74,565.22,18.63,6.6,17.42,10.66,18.1,291.92,1443.76,833.21,17.14,12.78,9.09,17.49,8.96,326.56,51.44,10.88,7.55,9.92,6.38,9.63,7.99,0.21,15.02,17.34,15.65,15.1,10.92,13.26,3.95,30.57,0.0,51.13,26.83,16.85,17.68,22.96,16.72,1496.84,2.16,0.12,1.52,3.56,0.08,2.4,2.31,1.72,19.64,51.04,50.12,0.14,0.11,0.25,0.14,0.25,0.15,0.11,0.26,0.15,0.25,32.5,1.53,92.0,59.5,70.15,5.0,4.5,9.5,3.5,9.45,1.0,1.0,0.0,0.0,0.0,2.16,18.68,6.36,32.84,1.18,0.43,0.12,0.37,15.97,0.68,0.12,0.12,2.4,2.31,0.12,-0.24,-0.27,500.32,669.96,73.1,9016.12,3533.96,223.56,263.84,84.76,208.92,256.52,78.03,55.24,110.68,50.47,1.52,1.72,1.58,-0.2,13.2,38.48,13.28,4.24,51.04,597.32,69.84,18.52,2.8,4.52,27.68,27.2,7.28,3.08,2.04,0.4,500.32,2.8,14.12,31.96,2.0,22.12,4.08,1.32,2.2,1.68,0.56,3.24,0.23,2.28,0.28,0.12,0.32,0.24,0.0,26.88,15.92,13.88,9.92,3.08,12.6,27.72,46.24,15.12,18.68,5.68,13.0,15.08,41.96,36.08,0.68,844.8,115.08,317.24,328.92,205.84,38.6,844.68,22.48,9.52,48.31,10.4,40.39,436.12,2238.68,1163.04,19.64,14.28,6.04,22.0,10.56,493.72,50.12,16.72,81.4,9.88,6.24,16.55,4.4,1.05,24.56,28.44,25.44,24.45,15.16,16.6,2.76,27.68,0.0,75.32,25.24,24.0,46.05
5,Brighton,20.0,15.0,1344.5,0.0,0.0,1.0,3.0,0.0,1.0,1.0,0.9,21.0,43.0,41.0,0.0,0.04,0.22,0.0,0.22,0.08,0.1,0.23,0.08,0.23,31.0,1.66,82.5,52.5,65.3,6.0,6.0,7.0,3.0,15.4,3.0,3.0,0.0,0.0,0.0,0.0,14.0,5.5,36.4,1.18,0.4,0.06,0.19,16.8,0.0,0.0,0.0,1.0,1.0,0.08,-0.3,-0.3,500.5,617.5,84.1,6916.0,1599.5,304.0,328.0,91.6,167.0,192.5,86.5,18.5,28.5,58.9,1.0,0.9,0.9,-0.25,9.5,23.0,7.5,1.0,43.0,561.5,35.0,6.0,1.5,1.0,7.0,6.5,0.0,0.0,0.0,0.0,500.5,2.0,9.5,23.0,2.55,16.0,0.0,0.5,1.0,0.0,0.0,2.0,0.15,2.0,0.0,0.0,0.0,0.0,0.0,19.5,13.5,9.0,7.0,3.0,9.0,18.0,45.95,9.5,11.5,2.0,9.5,8.5,29.0,13.0,0.0,719.0,25.5,132.5,285.0,151.0,20.5,719.0,17.0,6.0,40.7,6.0,43.3,466.5,2217.0,1026.5,21.0,16.5,2.5,15.0,6.5,512.0,41.0,15.0,79.5,5.5,5.0,22.5,3.0,1.3,20.0,26.0,21.75,22.3,12.0,12.5,1.5,7.0,0.0,43.5,7.5,11.5,45.7,8.75,8.6,768.79,2.42,0.77,2.05,2.21,0.31,2.63,2.08,1.69,31.55,67.58,74.22,0.16,0.11,0.19,0.15,0.18,0.15,0.09,0.2,0.14,0.19,4.24,0.47,12.02,14.85,10.18,1.41,2.83,1.41,1.41,5.09,0.0,0.0,0.0,0.0,0.0,2.42,18.04,7.02,17.78,1.25,0.5,0.08,0.16,4.66,1.07,0.77,0.96,2.63,2.08,0.03,1.06,1.07,777.75,852.68,5.4,13049.34,5040.55,380.96,395.86,4.35,342.53,363.41,7.65,59.36,99.39,15.71,2.05,1.69,1.91,0.9,19.74,66.59,16.6,5.67,67.58,795.2,68.49,30.39,2.28,4.27,46.41,26.43,25.1,10.69,10.81,0.67,777.75,2.64,9.27,37.72,1.3,24.71,10.16,3.28,3.25,2.18,0.57,3.87,0.18,2.3,0.55,0.98,0.61,0.57,0.19,17.42,11.21,9.0,6.69,3.69,9.78,18.04,21.76,9.67,14.07,8.47,8.97,8.94,24.66,22.93,1.14,910.46,203.53,422.03,474.6,228.86,46.84,910.33,31.34,12.94,21.17,15.36,20.32,618.18,2943.75,1669.23,31.55,18.3,17.51,18.78,13.99,717.06,74.22,8.6,11.12,9.27,4.52,10.03,5.37,0.31,13.31,12.8,13.04,12.42,9.91,14.45,4.06,46.41,0.26,45.85,17.05,8.81,23.5,20.93,14.89,1338.11,1.79,0.18,1.29,3.14,0.11,2.07,1.9,1.5,30.82,63.5,63.04,0.12,0.09,0.21,0.11,0.2,0.14,0.11,0.25,0.13,0.24,31.0,1.66,82.5,52.5,65.3,6.0,6.0,7.0,3.0,15.4,3.0,3.0,0.0,0.0,0.0,1.79,19.75,7.07,32.95,1.44,0.52,0.07,0.18,17.28,0.39,0.18,0.21,2.07,1.9,0.08,-0.28,-0.29,778.0,892.61,84.21,12168.21,4059.07,412.82,444.79,91.58,294.68,325.39,86.29,46.29,77.29,59.22,1.29,1.5,1.56,-0.21,15.29,53.0,13.71,2.89,63.5,832.11,57.5,18.25,2.21,2.71,23.96,19.29,7.36,3.07,2.61,0.18,778.0,3.0,11.68,36.0,2.43,26.71,3.11,1.93,2.5,1.36,0.39,3.18,0.2,2.11,0.18,0.32,0.32,0.21,0.04,22.96,13.07,10.39,9.0,3.57,10.93,23.39,44.55,12.46,15.5,4.96,10.54,10.29,33.25,21.43,0.75,1037.68,114.07,337.04,466.75,240.75,38.5,1037.46,25.5,10.57,41.95,11.5,43.99,678.04,3313.89,1744.07,30.82,20.79,9.57,20.46,12.18,769.04,63.04,14.89,76.86,8.54,6.04,24.58,4.68,1.26,21.54,24.21,22.25,21.64,14.68,16.21,2.96,23.96,0.07,62.39,14.46,12.21,47.94
6,Burnley,16.0,14.0,1213.0,1.0,0.0,1.0,2.0,0.0,0.55,0.55,0.8,15.0,34.5,25.0,0.04,0.06,0.09,0.04,0.09,0.06,0.06,0.12,0.06,0.12,39.0,1.9,122.0,84.0,73.25,2.5,4.5,12.0,1.0,3.55,3.5,3.0,0.5,0.0,25.0,1.0,9.5,3.0,33.3,0.86,0.28,0.06,0.21,17.9,0.0,0.0,0.0,0.55,0.55,0.08,-0.15,-0.15,395.5,513.0,76.1,6232.5,1825.0,189.5,222.5,85.65,146.5,183.5,78.75,29.0,49.5,52.6,1.0,0.8,0.55,-0.1,7.5,22.5,5.5,1.0,34.5,450.0,38.0,6.0,1.0,2.0,9.5,3.0,0.0,0.0,0.0,0.0,395.5,2.0,9.5,18.0,1.78,11.0,0.0,1.0,0.5,1.0,0.0,1.5,0.13,1.0,0.0,0.0,0.0,0.0,0.0,13.5,7.5,6.0,5.0,2.0,7.0,17.0,50.0,9.5,13.0,3.0,10.0,6.5,20.5,22.0,0.0,681.0,38.5,159.5,264.5,131.5,18.0,681.0,12.5,4.5,48.2,6.0,44.5,389.0,2397.5,1314.5,15.0,12.0,2.0,14.0,8.0,434.5,25.0,14.0,82.0,8.0,4.5,21.0,4.0,0.63,14.0,25.0,14.9,21.0,12.0,9.5,1.5,9.5,0.0,50.5,13.5,22.0,43.75,9.35,10.01,851.0,1.85,0.31,1.18,2.93,0.44,1.72,1.56,1.01,26.49,41.42,42.52,0.12,0.06,0.15,0.11,0.14,0.12,0.06,0.15,0.11,0.15,32.53,0.43,62.23,31.11,10.68,0.71,0.71,11.31,1.41,5.02,2.12,2.83,0.71,0.0,35.36,1.85,14.66,5.66,16.66,0.9,0.4,0.07,0.24,4.32,2.08,0.31,0.31,1.72,1.56,0.05,0.93,0.94,400.39,497.46,8.03,7653.8,3614.98,171.38,192.66,7.55,196.65,217.11,10.74,56.8,148.17,17.46,1.18,1.01,0.92,0.74,11.14,38.1,6.81,2.96,41.42,455.73,73.84,26.19,2.14,2.85,23.17,51.13,14.37,5.91,4.47,1.06,400.39,2.54,8.81,23.41,1.26,18.29,5.06,2.85,2.17,1.29,0.67,2.6,0.17,2.16,0.57,0.76,0.26,0.31,0.0,20.22,11.94,10.13,9.13,3.07,10.83,19.11,22.8,9.05,13.49,7.39,9.13,10.4,28.82,33.23,1.17,566.79,202.72,339.93,285.5,152.27,29.58,566.82,29.08,12.44,18.29,14.38,18.29,304.73,1637.56,925.74,26.49,15.48,13.08,18.57,10.25,344.34,42.52,10.01,11.03,9.35,4.84,10.12,5.69,0.19,10.84,19.13,10.17,17.63,12.17,11.65,3.76,23.17,0.31,47.77,26.14,23.33,22.1,20.39,14.93,1334.86,1.43,0.11,1.07,2.75,0.25,1.46,1.38,1.06,25.75,42.04,41.36,0.09,0.06,0.14,0.08,0.14,0.11,0.07,0.18,0.1,0.17,39.0,1.9,122.0,84.0,73.25,2.5,4.5,12.0,1.0,3.55,3.5,3.0,0.5,0.0,25.0,1.43,15.29,4.89,30.55,1.12,0.38,0.07,0.25,17.61,0.46,0.11,0.11,1.46,1.38,0.08,-0.04,-0.06,496.5,639.61,75.72,8769.57,2979.82,224.64,258.61,86.31,214.46,250.96,80.19,47.25,98.29,54.11,1.07,1.06,0.96,0.01,11.64,34.64,7.71,1.93,42.04,576.5,60.39,15.82,1.75,2.75,19.54,23.89,6.43,2.39,2.07,0.32,496.5,2.71,12.18,26.96,1.93,19.54,2.64,1.75,1.61,1.11,0.32,2.61,0.16,1.93,0.21,0.29,0.07,0.11,0.0,21.57,12.18,10.04,8.75,2.79,10.11,20.75,47.72,10.64,16.96,6.04,10.93,9.96,31.54,29.86,0.79,789.96,103.82,286.14,327.29,183.32,29.07,789.86,24.86,10.61,45.77,11.75,43.15,436.0,2382.21,1260.57,25.75,16.32,8.57,18.43,10.54,490.57,41.36,14.93,78.63,9.11,5.46,23.17,5.25,0.61,15.86,30.39,15.84,27.34,15.18,12.57,2.71,19.54,0.11,61.54,20.04,24.71,40.81
7,Chelsea,23.0,18.0,1576.0,1.0,0.0,1.0,3.0,0.0,1.1,1.1,1.2,22.0,46.0,35.0,0.09,0.08,0.2,0.08,0.16,0.08,0.08,0.27,0.08,0.27,31.5,1.64,93.0,62.5,68.1,9.0,4.5,5.5,4.0,20.75,2.5,1.5,0.5,0.5,16.65,1.0,13.0,4.0,33.3,1.38,0.26,0.12,0.35,15.55,0.0,0.0,0.0,1.1,1.1,0.1,0.0,0.0,538.0,728.0,84.8,11860.0,3518.0,278.0,302.0,91.8,250.0,257.0,88.8,32.0,66.0,54.3,1.0,1.2,1.0,-0.1,9.0,30.0,7.0,1.0,46.0,629.0,57.0,13.0,2.0,1.0,10.0,6.0,0.0,0.0,0.0,0.0,538.0,2.0,6.0,23.0,2.15,18.0,1.0,1.0,1.0,1.0,0.0,3.0,0.2,2.0,0.0,0.0,0.0,0.0,0.0,21.0,12.0,9.0,7.0,3.0,9.0,19.0,50.0,7.0,13.0,3.0,8.0,8.0,25.0,14.0,0.0,886.0,28.0,183.0,324.0,164.0,26.0,886.0,15.0,9.0,48.1,7.0,42.1,509.0,3225.0,1734.0,22.0,14.0,3.0,17.0,7.0,633.0,35.0,18.0,84.0,9.0,4.0,17.0,3.0,1.67,31.0,27.0,35.9,25.0,11.0,12.0,1.0,10.0,0.0,54.0,9.0,14.0,47.2,9.4,11.07,951.17,5.1,1.8,2.72,3.38,0.47,4.99,4.19,2.53,37.54,63.63,71.86,0.22,0.14,0.29,0.19,0.26,0.19,0.11,0.25,0.17,0.23,9.19,0.11,21.21,14.85,3.39,5.66,0.71,2.12,1.41,2.76,0.71,0.71,0.71,0.71,23.55,5.1,25.64,10.55,20.24,1.07,0.44,0.12,0.26,4.96,2.42,1.8,1.83,4.99,4.19,0.05,1.7,1.5,660.56,722.92,6.64,11193.96,4050.05,322.83,341.08,5.1,310.72,326.48,10.18,53.73,87.0,14.04,2.72,2.53,1.98,0.86,18.46,56.22,16.67,3.05,63.63,692.19,55.61,19.59,6.87,6.67,27.18,38.51,17.15,7.17,4.38,0.55,660.56,4.11,12.75,41.25,1.39,29.42,4.19,5.27,2.53,2.47,1.83,6.27,0.36,4.53,1.02,0.96,0.65,0.92,0.47,25.34,14.1,12.7,10.13,4.24,12.46,23.03,19.22,12.25,15.91,7.61,10.79,12.11,36.67,35.7,1.34,817.07,189.61,366.96,447.67,248.53,46.84,816.7,39.23,17.99,21.27,17.68,24.08,503.96,2421.22,1266.62,37.54,21.07,17.53,23.37,16.99,615.82,71.86,11.07,10.38,9.63,3.73,10.43,3.95,0.26,22.02,16.93,20.66,15.35,18.62,17.62,5.75,27.18,0.33,61.51,17.97,13.86,22.81,21.88,16.72,1495.12,3.04,0.44,2.04,4.32,0.16,3.02,2.64,2.08,34.88,64.44,63.8,0.18,0.12,0.3,0.16,0.28,0.18,0.12,0.29,0.16,0.28,31.5,1.64,93.0,62.5,68.1,9.0,4.5,5.5,4.0,20.75,2.5,1.5,0.5,0.5,16.65,3.04,21.44,7.76,34.92,1.37,0.45,0.12,0.34,16.11,0.88,0.44,0.48,3.02,2.64,0.1,0.02,-0.04,798.36,930.6,83.46,13089.36,4385.56,398.6,433.2,90.96,325.76,360.88,85.77,54.44,92.88,58.42,2.04,2.08,1.72,-0.04,16.68,53.8,14.08,2.04,64.44,859.6,67.6,19.84,4.64,4.04,22.32,24.4,8.08,3.12,2.2,0.16,798.36,3.4,13.76,39.0,2.27,28.72,2.44,3.04,1.84,1.96,1.0,5.32,0.32,3.56,0.28,0.44,0.4,0.48,0.16,26.24,14.88,12.88,9.32,4.04,12.84,24.96,49.41,12.12,17.76,6.52,11.24,11.92,38.16,31.2,0.96,1103.84,120.88,373.64,479.56,261.36,41.44,1103.36,34.64,15.84,43.88,14.56,39.56,662.4,3370.88,1758.84,34.88,21.72,11.64,24.0,14.72,792.2,63.8,16.72,79.24,10.68,5.16,19.22,3.72,1.65,33.68,27.36,32.55,25.15,17.64,17.96,3.4,22.32,0.12,73.76,17.12,15.88,49.98
8,Crystal Palace,22.5,17.5,1587.5,0.0,0.0,1.0,2.5,0.0,0.6,0.6,1.0,14.5,40.5,17.5,0.0,0.04,0.08,0.0,0.08,0.04,0.07,0.12,0.04,0.12,28.5,1.51,76.5,49.0,64.5,6.5,5.0,7.5,5.0,26.1,1.5,1.5,0.0,0.0,0.0,0.0,9.5,2.0,27.3,0.57,0.17,0.0,0.2,18.2,0.0,0.0,0.0,0.6,0.6,0.08,0.0,0.0,479.5,599.5,77.0,7843.5,2749.5,237.5,266.5,87.6,159.0,209.5,84.55,27.5,68.0,47.4,1.0,1.0,1.05,0.0,14.0,36.0,6.0,1.5,40.5,546.0,39.5,10.5,1.0,1.5,10.5,1.0,0.0,0.0,0.0,0.0,479.5,2.0,13.5,25.5,2.16,20.0,0.0,0.5,1.0,0.5,1.0,3.0,0.15,3.0,0.0,0.0,0.0,0.0,0.0,31.0,17.0,12.5,12.0,3.0,14.0,24.0,50.0,10.0,17.0,2.0,11.5,11.0,46.0,17.0,0.0,733.5,27.0,163.5,359.5,161.5,14.0,732.5,14.5,8.5,48.4,5.5,41.35,367.5,1886.0,875.0,14.5,11.0,2.0,12.5,7.5,457.0,17.5,17.5,85.0,11.0,4.0,17.0,2.5,1.29,29.5,26.0,23.05,23.7,16.0,11.5,1.0,10.5,0.0,75.0,12.5,17.0,48.5,9.48,10.99,910.74,4.3,0.48,2.11,2.6,0.28,2.98,2.68,1.71,21.16,38.63,58.32,0.21,0.13,0.3,0.19,0.28,0.14,0.11,0.22,0.13,0.21,2.12,0.23,13.44,11.31,2.55,2.12,1.41,2.12,1.41,5.52,0.71,0.71,0.0,0.0,0.0,4.3,21.86,9.46,18.23,1.27,0.47,0.09,0.2,4.59,2.58,0.48,0.48,2.98,2.68,0.05,1.55,1.45,419.08,526.33,8.47,8376.38,3530.5,176.43,201.89,6.06,218.47,245.13,8.83,63.22,134.27,16.14,2.11,1.71,1.49,0.93,13.95,40.49,12.23,3.44,38.63,479.63,84.77,26.09,2.75,7.23,33.03,76.93,16.79,7.83,5.43,0.74,419.08,3.44,15.26,29.33,1.49,18.09,6.27,3.35,2.48,3.26,1.0,4.06,0.27,3.16,0.38,0.53,0.28,0.61,0.0,25.07,14.78,16.36,8.35,4.45,10.97,17.03,18.22,7.52,15.81,5.91,13.0,11.67,34.7,50.21,0.53,629.63,149.24,321.63,302.3,196.51,36.05,629.62,38.3,17.14,16.05,17.66,16.08,322.89,1756.28,926.56,21.16,16.62,11.06,27.15,22.6,382.52,58.32,10.99,5.09,10.05,5.14,11.93,6.19,0.37,15.96,15.58,12.47,13.77,14.88,21.1,5.53,33.03,0.28,60.45,24.21,20.75,17.86,22.46,17.42,1566.0,2.33,0.17,1.79,3.04,0.08,2.05,1.92,1.61,21.08,48.96,48.38,0.11,0.1,0.21,0.1,0.2,0.12,0.1,0.21,0.11,0.21,28.5,1.51,76.5,49.0,64.5,6.5,5.0,7.5,5.0,26.1,1.5,1.5,0.0,0.0,0.0,2.33,18.83,6.75,25.75,1.25,0.4,0.06,0.2,16.81,0.83,0.17,0.17,2.05,1.92,0.08,0.29,0.25,537.38,697.0,76.38,9382.5,3532.5,251.33,287.96,87.2,222.17,261.62,83.91,50.0,108.29,50.69,1.79,1.61,1.32,0.18,14.71,41.42,11.38,2.5,48.96,621.88,72.12,20.08,2.17,4.04,24.29,30.04,7.42,3.38,2.38,0.25,537.38,3.0,15.25,33.08,1.98,23.08,3.08,2.0,2.08,1.88,0.96,4.29,0.27,3.54,0.17,0.25,0.08,0.25,0.0,32.83,19.33,15.54,12.54,4.75,14.04,25.38,55.55,11.33,19.0,5.08,13.92,13.42,46.25,38.58,0.25,889.0,97.58,300.83,386.12,211.46,33.21,888.83,30.71,14.21,50.26,13.33,40.27,455.54,2312.58,1117.75,21.08,15.96,7.08,25.25,17.75,533.21,48.38,17.42,84.33,12.17,5.04,18.78,4.96,1.28,26.12,26.38,22.24,23.78,19.04,17.79,3.0,24.29,0.08,79.46,22.92,23.12,50.27
9,Everton,28.0,23.0,1884.0,1.0,0.0,0.0,2.0,0.0,1.5,1.5,1.0,14.0,38.0,39.0,0.09,0.0,0.09,0.09,0.09,0.11,0.1,0.2,0.11,0.2,51.0,1.34,165.0,117.0,73.9,13.0,9.0,16.0,13.0,34.2,8.0,8.0,0.0,0.0,0.0,1.0,15.0,4.0,28.6,1.25,0.37,0.07,0.25,16.0,0.0,0.0,0.0,1.5,1.5,0.1,-0.4,-0.4,393.0,550.0,69.4,5825.0,2373.0,175.0,252.0,86.6,127.0,195.0,75.5,27.0,62.0,47.9,0.0,1.0,0.8,-0.9,8.0,32.0,8.0,1.0,38.0,439.0,16.0,1.0,1.0,1.0,10.0,4.0,0.0,0.0,0.0,0.0,393.0,3.0,11.0,25.0,2.33,19.0,0.0,1.0,3.0,1.0,1.0,1.0,0.12,1.0,0.0,0.0,0.0,0.0,0.0,30.0,20.0,12.0,8.0,2.0,14.0,28.0,43.6,13.0,14.0,4.0,11.0,9.0,43.0,24.0,0.0,738.0,49.0,188.0,265.0,179.0,21.0,736.0,21.0,8.0,44.4,10.0,45.7,357.0,2068.0,794.0,14.0,12.0,3.0,16.0,7.0,565.0,39.0,23.0,83.0,10.0,4.0,21.0,2.0,1.22,21.0,25.0,30.8,28.7,18.0,8.0,1.0,10.0,0.0,46.0,16.0,19.0,47.2,11.56,13.72,1156.48,2.07,0.42,1.45,3.15,0.21,3.13,2.86,1.98,21.62,41.5,46.2,0.12,0.06,0.13,0.11,0.12,0.27,0.08,0.29,0.26,0.28,,,,,,,,,,,,,,,,2.07,19.45,6.87,18.22,1.22,0.72,0.07,0.21,4.2,1.23,0.42,0.46,3.13,2.86,0.06,1.73,1.74,394.67,524.73,8.12,8768.92,5635.87,174.04,197.65,9.14,170.76,195.07,12.17,99.8,216.73,18.77,1.45,1.98,1.79,0.87,16.49,37.97,12.81,5.13,41.5,462.33,116.29,47.07,3.1,5.2,53.74,62.11,20.55,16.29,3.22,0.46,394.67,3.71,14.99,32.27,1.49,21.44,8.25,1.72,2.3,2.04,1.59,2.76,0.1,1.59,0.85,0.0,0.84,0.42,0.49,27.8,16.21,15.86,10.68,4.82,14.14,24.61,23.07,12.29,19.76,12.99,10.11,17.05,43.57,49.21,0.85,637.99,234.3,383.52,284.54,195.64,33.57,638.05,19.75,8.76,18.51,10.01,17.43,307.58,1758.78,1001.04,21.62,15.2,6.36,22.27,15.25,345.3,46.2,13.72,7.13,12.65,5.7,10.75,8.07,0.41,14.57,16.39,17.86,17.84,15.31,14.4,6.36,53.74,0.34,68.19,40.63,31.14,21.79,23.3,18.17,1633.17,1.74,0.09,0.74,3.57,0.04,2.44,2.34,1.72,21.52,49.09,48.65,0.11,0.03,0.14,0.1,0.13,0.2,0.11,0.31,0.2,0.31,51.0,1.34,165.0,117.0,73.9,13.0,9.0,16.0,13.0,34.2,8.0,8.0,0.0,0.0,0.0,1.74,21.91,6.61,32.68,1.63,0.63,0.07,0.24,16.5,0.61,0.09,0.13,2.44,2.34,0.1,-0.7,-0.69,493.35,674.43,71.37,9064.52,3842.35,226.0,264.83,83.92,190.65,234.96,75.95,63.83,132.87,52.47,0.74,1.72,1.38,-0.98,14.74,41.65,12.35,3.35,49.09,595.74,74.83,17.78,1.96,3.39,32.7,33.39,7.87,6.09,1.13,0.13,493.35,3.87,15.09,37.13,2.37,25.74,3.57,1.35,3.3,1.78,1.39,2.61,0.12,1.43,0.22,0.0,0.57,0.22,0.17,32.3,19.22,16.13,11.35,4.83,15.09,30.48,44.83,15.39,20.83,7.7,13.13,15.57,47.87,38.35,0.52,871.74,111.65,295.26,355.57,229.7,35.17,871.61,24.52,10.87,48.77,11.61,44.34,424.74,2267.61,1126.04,21.52,16.91,5.52,24.35,13.91,489.26,48.65,18.17,81.48,13.0,5.13,22.65,5.83,1.06,19.13,24.3,25.81,26.3,19.87,15.7,3.87,32.7,0.13,85.61,29.39,25.09,47.83
10,Fulham,28.0,17.5,1548.0,1.5,0.0,1.0,3.0,0.0,1.55,1.55,0.95,13.5,61.0,44.0,0.1,0.07,0.22,0.1,0.18,0.1,0.11,0.2,0.1,0.2,61.0,1.61,190.0,133.0,72.1,13.0,8.0,17.0,10.0,26.3,8.0,8.0,0.0,0.0,0.0,1.5,14.0,6.0,33.9,1.04,0.38,0.1,0.3,15.85,0.0,0.0,0.0,1.55,1.55,0.1,0.0,0.0,866.5,1055.5,79.6,14842.0,3822.5,291.5,320.0,88.75,317.0,401.5,81.75,59.5,103.5,57.8,1.0,0.95,0.95,0.0,12.0,46.0,9.5,2.0,61.0,1019.5,37.5,16.0,1.5,2.5,13.0,2.0,0.0,0.0,0.0,0.0,866.5,1.5,13.0,28.0,1.94,20.0,0.0,1.0,2.5,0.0,0.0,2.0,0.19,1.0,0.0,0.0,0.0,0.0,0.0,23.0,14.0,9.0,8.0,2.0,11.0,21.0,47.65,12.0,16.0,3.0,11.0,12.0,38.5,16.5,0.0,1232.0,32.0,202.0,503.5,201.0,30.0,1232.0,20.0,9.0,46.3,7.5,43.2,766.5,3519.0,1684.0,13.5,12.5,3.0,22.0,10.0,847.5,44.0,17.5,80.0,6.5,5.5,17.0,3.5,1.24,24.5,27.5,23.2,28.75,16.0,10.5,1.5,13.0,0.0,68.5,13.0,18.0,51.1,8.81,10.72,889.94,2.52,0.43,2.2,2.75,0.39,2.33,2.27,1.88,32.32,49.13,63.66,0.19,0.26,0.32,0.19,0.32,0.15,0.1,0.21,0.15,0.21,,,,,,,,,,,,,,,,2.52,20.88,7.29,18.71,1.11,0.51,0.21,0.32,5.58,1.62,0.43,0.43,2.33,2.27,0.2,0.81,0.85,471.68,578.57,7.5,9278.91,4308.91,198.93,222.46,6.77,248.63,268.84,10.78,62.99,131.84,13.32,2.2,1.88,1.64,1.3,20.41,33.6,18.3,6.05,49.13,506.69,103.27,23.32,3.39,5.65,52.77,80.46,32.03,10.59,15.86,0.21,471.68,1.98,17.62,38.11,1.47,27.62,10.44,1.88,3.11,1.9,0.84,4.57,0.3,3.92,0.94,0.39,0.73,0.35,0.21,33.8,17.79,19.94,12.7,3.44,22.6,35.31,19.76,14.49,15.48,5.42,13.17,18.77,50.07,33.84,1.09,653.96,268.65,422.22,302.96,228.73,31.24,653.92,22.5,11.18,19.86,10.1,20.48,362.47,2079.86,1161.8,32.32,23.97,8.31,17.46,11.77,399.51,63.66,10.72,7.84,10.62,6.11,7.22,4.17,0.12,14.57,14.53,13.5,14.9,11.51,14.33,2.93,52.77,0.5,58.94,19.19,23.43,15.93,26.36,19.0,1697.09,2.45,0.09,1.82,3.73,0.18,2.35,2.29,1.73,30.23,66.59,65.82,0.17,0.15,0.32,0.16,0.32,0.15,0.11,0.26,0.15,0.26,61.0,1.61,190.0,133.0,72.1,13.0,8.0,17.0,10.0,26.3,8.0,8.0,0.0,0.0,0.0,2.45,22.55,7.86,37.64,1.32,0.5,0.15,0.38,15.56,0.64,0.09,0.09,2.35,2.29,0.14,0.1,0.08,738.18,915.32,78.51,13135.73,4558.0,318.14,357.55,87.35,329.32,377.55,82.1,71.73,129.23,60.43,1.82,1.73,1.52,0.09,17.23,50.59,16.05,4.27,66.59,833.55,79.5,21.0,2.64,5.36,33.27,30.82,9.64,3.18,4.45,0.05,738.18,2.27,19.0,39.77,2.15,29.59,3.59,1.77,3.05,1.09,0.68,4.27,0.26,3.27,0.27,0.18,0.36,0.14,0.05,30.64,17.32,15.32,11.68,3.64,15.68,30.68,44.09,15.0,19.82,5.32,14.5,16.73,47.36,33.73,0.64,1099.82,126.68,389.77,468.55,251.77,38.32,1099.73,24.5,12.05,51.62,10.36,39.22,628.23,3286.68,1663.32,30.23,22.95,6.82,23.64,14.77,732.45,65.82,19.0,80.38,11.09,7.36,17.8,4.27,1.23,27.27,29.95,25.18,30.98,17.18,16.36,2.32,33.27,0.18,83.05,22.05,23.0,49.77
11,Liverpool,28.0,17.0,1649.0,2.0,0.0,2.0,2.0,0.0,2.0,2.0,1.6,39.0,83.0,73.0,0.12,0.09,0.21,0.12,0.21,0.11,0.12,0.25,0.1,0.23,20.5,1.08,73.5,54.0,72.25,12.0,5.0,2.0,5.0,24.3,0.5,0.5,0.0,0.0,0.0,2.0,19.0,6.0,31.1,1.47,0.33,0.06,0.25,16.2,0.0,0.0,0.0,2.0,2.0,0.07,-0.1,-0.1,825.0,1010.0,82.6,13081.0,3213.0,405.0,428.0,90.8,274.0,323.0,87.0,61.0,91.0,62.1,2.0,1.6,1.4,-0.1,16.0,62.0,18.0,2.0,83.0,968.0,35.0,10.0,3.0,3.0,18.0,10.0,0.0,0.0,0.0,0.0,825.0,3.0,16.0,51.0,3.47,43.0,0.0,2.0,3.0,1.0,0.0,4.0,0.27,3.0,0.0,0.0,0.0,0.0,0.0,27.0,17.0,9.0,12.0,4.0,11.0,24.0,43.5,14.0,19.0,2.0,15.0,10.0,40.0,11.0,0.0,1196.0,36.0,239.0,509.0,287.0,38.0,1196.0,29.0,13.0,45.0,12.0,44.0,850.0,3713.0,1753.0,39.0,29.0,6.0,18.0,10.0,860.0,73.0,17.0,79.0,10.0,5.0,21.5,4.0,2.15,42.0,18.0,45.4,22.5,16.0,13.0,1.0,18.0,0.0,78.0,14.0,14.0,53.6,9.8,8.92,766.77,4.61,1.05,2.82,2.82,0.42,5.55,4.74,3.0,32.36,64.12,93.53,0.22,0.15,0.32,0.2,0.31,0.22,0.12,0.31,0.19,0.28,13.44,0.02,50.2,36.77,1.63,5.66,4.24,2.83,4.24,6.08,0.71,0.71,0.0,0.0,,4.61,33.82,13.91,17.29,1.35,0.6,0.09,0.16,4.7,1.78,1.05,1.47,5.55,4.74,0.05,1.94,1.81,586.01,661.38,6.1,10950.95,4608.76,254.55,272.83,5.57,295.08,311.3,8.3,65.71,118.73,9.35,2.82,3.0,2.27,1.74,22.92,61.23,19.26,4.77,64.12,606.56,90.37,22.75,5.87,7.85,52.66,53.37,26.32,8.65,16.01,0.42,586.01,3.82,11.46,46.31,1.71,33.5,10.07,3.79,5.57,2.22,0.96,5.51,0.28,3.87,0.78,0.94,0.84,0.56,0.21,20.25,11.99,9.66,10.46,4.0,12.75,28.83,20.38,17.73,14.23,7.36,12.46,10.94,29.41,30.97,1.4,722.86,169.42,339.05,455.11,266.82,69.31,722.77,31.77,15.04,16.89,14.58,19.01,428.03,2139.68,1135.63,32.36,20.38,19.6,21.59,18.87,504.55,93.53,8.92,7.94,8.62,6.22,5.56,7.01,0.22,18.21,10.02,19.91,10.6,15.82,12.98,8.18,52.66,0.29,51.57,30.52,14.75,20.37,24.96,18.17,1624.61,3.48,0.26,2.61,2.96,0.22,3.93,3.6,2.8,40.17,91.57,90.78,0.17,0.14,0.31,0.16,0.3,0.19,0.14,0.33,0.18,0.32,20.5,1.08,73.5,54.0,72.25,12.0,5.0,2.0,5.0,24.3,0.5,0.5,0.0,0.0,0.0,3.48,33.96,11.43,28.47,1.74,0.56,0.09,0.28,17.26,0.78,0.26,0.39,3.93,3.6,0.09,-0.45,-0.38,884.52,1058.13,81.97,15046.13,5154.91,419.09,461.83,89.87,374.48,423.7,86.13,71.13,122.26,61.1,2.61,2.8,2.42,-0.2,26.0,72.43,21.96,3.48,91.57,976.04,77.74,19.09,4.39,6.3,35.52,32.83,12.48,3.74,7.43,0.09,884.52,4.35,16.04,60.35,3.12,45.43,5.04,2.87,4.39,1.87,0.74,5.7,0.3,4.17,0.35,0.39,0.43,0.3,0.04,29.17,18.09,11.74,12.52,4.91,14.7,33.17,44.73,18.48,20.61,4.7,15.91,12.65,41.83,25.3,0.83,1248.22,95.35,320.78,596.83,341.48,61.78,1247.83,31.96,14.39,41.4,14.35,47.89,776.52,4010.3,2095.04,40.17,30.09,12.83,24.74,17.7,878.0,90.78,18.17,79.78,10.78,6.78,20.25,4.91,2.21,40.78,19.3,41.8,21.53,19.96,16.22,4.35,35.52,0.09,88.26,25.3,19.09,54.27
12,Luton Town,23.0,16.0,1304.0,1.0,0.0,0.0,3.0,0.0,1.0,1.0,0.7,15.0,37.0,21.0,0.07,0.0,0.18,0.07,0.18,0.06,0.06,0.14,0.06,0.14,85.0,2.25,221.0,140.0,63.3,6.0,8.0,24.0,2.0,5.3,4.0,4.0,0.0,0.0,0.0,1.0,11.0,3.0,26.9,0.8,0.25,0.08,0.25,16.05,0.0,0.0,0.0,1.0,1.0,0.08,-0.1,-0.1,369.0,513.0,72.4,6404.0,1636.0,180.0,203.0,86.9,136.0,189.0,77.5,32.0,57.0,46.3,0.0,0.7,0.6,-0.1,8.0,27.0,6.0,1.0,37.0,475.0,28.0,6.0,0.0,2.0,13.0,7.0,0.0,0.0,0.0,0.0,369.0,2.0,10.0,19.0,1.67,13.0,0.0,1.0,1.0,1.0,0.0,2.0,0.16,1.0,0.0,0.0,0.0,0.0,0.0,21.0,13.0,11.0,7.0,2.0,11.0,22.0,53.3,11.0,22.0,6.0,11.0,8.0,27.0,22.0,0.0,694.0,51.0,160.0,320.0,119.0,20.0,694.0,16.0,7.0,50.0,7.0,37.5,385.0,2122.0,1099.0,15.0,9.0,2.0,18.0,10.0,439.0,21.0,16.0,80.0,8.0,4.0,21.5,2.0,0.68,22.0,36.0,18.2,28.9,18.0,12.0,1.0,13.0,0.0,64.0,17.0,16.0,50.0,9.16,10.16,865.7,2.92,1.0,1.99,2.02,0.0,2.5,1.94,1.45,31.27,36.32,49.71,0.17,0.1,0.21,0.16,0.21,0.11,0.06,0.15,0.11,0.14,,,,,,,,,,,,,,,,2.92,17.86,6.47,24.36,0.86,0.32,0.1,0.33,4.2,1.29,1.0,1.0,2.5,1.94,0.04,1.01,1.06,315.31,437.32,7.82,6908.25,4474.24,137.72,156.02,6.35,133.46,152.78,10.0,76.68,193.21,11.83,1.99,1.45,1.24,1.0,15.32,30.41,9.99,5.59,36.32,343.03,131.27,36.71,1.54,5.61,68.0,56.52,30.09,13.21,15.98,1.0,315.31,3.0,15.72,30.88,1.06,18.04,9.49,3.57,2.61,2.87,0.82,4.1,0.17,2.12,1.06,0.52,0.99,0.83,0.0,17.89,10.35,9.45,7.09,3.82,8.66,17.68,18.46,10.69,12.4,7.12,8.87,13.12,29.33,32.23,1.11,501.96,219.4,320.16,230.77,191.27,33.32,501.84,33.12,17.44,20.14,13.89,20.98,262.54,1816.22,990.73,31.27,19.3,10.39,19.14,15.82,277.99,49.71,10.16,6.91,9.69,6.02,7.3,4.08,0.15,13.96,21.54,11.23,19.47,11.26,16.25,4.06,68.0,0.47,49.61,27.61,33.12,19.89,22.84,16.72,1500.84,1.96,0.2,1.32,2.8,0.0,1.75,1.59,1.2,27.0,44.44,43.72,0.13,0.08,0.21,0.12,0.2,0.11,0.07,0.18,0.1,0.18,85.0,2.25,221.0,140.0,63.3,6.0,8.0,24.0,2.0,5.3,4.0,4.0,0.0,0.0,0.0,1.96,17.08,5.36,32.55,1.1,0.35,0.09,0.34,16.06,0.44,0.2,0.2,1.75,1.59,0.09,0.21,0.17,440.32,602.0,72.65,8021.96,3236.36,198.32,230.92,85.03,176.92,216.4,77.96,51.24,114.56,45.66,1.32,1.2,1.1,0.12,12.6,33.32,10.0,3.6,44.44,524.64,74.72,19.84,0.88,4.44,33.64,28.08,8.12,3.72,4.04,0.2,440.32,2.64,16.52,29.96,1.73,20.16,2.92,2.36,2.2,1.84,0.48,3.24,0.17,1.84,0.28,0.24,0.64,0.24,0.0,26.12,14.72,13.16,9.44,3.52,11.96,24.6,50.41,12.64,19.72,7.32,12.4,13.0,39.12,36.56,0.84,784.12,104.72,279.84,315.48,198.48,31.2,783.92,30.84,14.16,47.49,13.24,42.21,401.88,2395.08,1191.04,27.0,19.2,6.76,23.16,15.36,435.2,43.72,16.72,79.6,10.4,6.12,22.8,3.08,0.68,22.76,37.16,18.6,34.18,17.68,17.92,2.68,33.64,0.16,74.6,25.4,25.2,53.17
13,Manchester City,29.0,24.0,2042.0,2.0,0.0,1.0,2.0,0.0,1.9,1.9,1.4,37.0,100.0,55.0,0.15,0.09,0.22,0.15,0.22,0.11,0.12,0.19,0.11,0.19,17.0,0.93,54.5,38.0,72.4,14.0,3.5,1.5,6.5,45.15,1.5,1.5,0.0,0.0,0.0,2.0,20.0,5.0,38.5,1.23,0.44,0.13,0.38,16.4,0.0,0.0,0.0,1.9,1.9,0.1,0.0,0.0,1011.0,1234.0,87.3,13977.0,3526.0,452.0,507.0,94.4,322.0,335.0,91.4,46.0,96.0,67.5,1.0,1.4,1.9,-0.1,18.0,53.0,16.0,1.0,100.0,1069.0,65.0,23.0,2.0,3.0,12.0,6.0,0.0,0.0,0.0,0.0,1011.0,1.0,14.0,54.0,2.09,40.0,0.0,2.0,2.0,2.0,0.0,6.0,0.36,4.0,0.0,0.0,0.0,0.0,0.0,24.0,13.0,6.0,8.0,4.0,8.0,20.0,48.3,10.0,14.0,1.0,13.0,9.0,26.0,14.0,0.0,1283.0,33.0,226.0,473.0,395.0,38.0,1283.0,30.0,11.0,48.8,11.0,41.15,879.0,4459.0,2353.0,37.0,46.0,7.0,16.0,13.0,937.0,55.0,24.0,83.5,15.0,4.0,20.0,4.0,2.39,55.0,20.0,43.8,21.6,14.0,18.0,1.0,12.0,0.0,72.0,6.0,8.0,50.0,9.35,11.33,948.83,6.91,1.57,3.78,2.52,0.3,6.65,5.37,3.2,51.46,87.53,93.56,0.23,0.19,0.35,0.19,0.32,0.23,0.19,0.33,0.19,0.31,14.14,0.08,38.89,25.46,2.4,14.14,3.54,2.12,4.95,21.0,2.12,2.12,0.0,0.0,,6.91,34.9,15.19,16.12,1.2,0.52,0.1,0.24,4.31,3.11,1.57,1.78,6.65,5.37,0.08,2.32,2.4,879.9,948.16,5.64,15036.71,5156.01,436.5,458.3,4.13,386.86,406.55,6.5,85.46,113.46,14.5,3.78,3.2,2.61,1.62,23.79,97.44,20.09,4.1,87.53,912.42,69.16,18.32,4.64,8.66,43.88,54.04,32.04,12.15,8.78,1.15,879.9,2.21,13.86,48.27,2.09,38.25,6.98,4.21,3.06,2.34,1.57,6.99,0.44,5.27,0.7,0.92,0.81,0.92,0.3,20.33,12.18,8.08,9.46,4.68,9.28,18.11,19.84,9.77,12.27,4.97,9.97,10.1,29.28,22.7,1.17,1024.45,209.26,354.74,633.01,370.91,68.85,1024.78,40.17,21.24,20.33,15.79,21.6,656.61,3303.42,1940.87,51.46,27.48,33.5,19.0,13.96,815.55,93.56,11.33,5.17,10.03,4.1,10.53,8.12,0.11,26.04,8.94,22.53,9.47,9.96,14.52,2.42,43.88,0.22,57.47,17.97,13.31,25.45,24.95,19.9,1785.57,4.48,0.43,3.24,2.52,0.1,3.9,3.52,2.88,53.48,98.0,96.57,0.19,0.16,0.36,0.18,0.34,0.18,0.16,0.34,0.17,0.32,17.0,0.93,54.5,38.0,72.4,14.0,3.5,1.5,6.5,45.15,1.5,1.5,0.0,0.0,0.0,4.48,32.38,12.52,35.98,1.54,0.55,0.12,0.34,17.34,1.19,0.43,0.48,3.9,3.52,0.11,0.58,0.52,1169.29,1318.48,86.85,18722.62,5339.29,612.38,651.62,93.77,448.81,489.48,89.7,78.62,118.86,65.71,3.24,2.88,2.95,0.36,25.9,89.95,22.95,3.05,98.0,1241.33,75.14,21.9,4.0,6.33,33.14,28.71,13.57,5.38,3.14,0.33,1169.29,2.0,18.19,59.86,3.08,47.14,3.1,3.05,3.19,2.57,0.81,7.95,0.42,5.9,0.24,0.62,0.48,0.62,0.1,24.57,14.52,8.71,10.48,5.38,10.52,21.71,44.36,11.19,16.71,3.52,13.19,11.05,35.62,21.71,0.81,1492.1,102.86,333.1,681.86,486.95,69.62,1491.62,34.71,17.86,48.11,13.43,43.37,959.81,5005.14,2759.71,53.48,41.29,19.71,20.95,16.95,1156.14,96.57,19.9,83.35,14.33,5.05,22.37,8.0,2.42,50.14,17.71,42.05,18.52,13.62,19.52,1.95,33.14,0.05,82.43,15.48,13.67,49.73
14,Manchester Utd,22.0,15.0,1351.5,1.0,0.0,1.0,2.5,0.0,0.85,0.85,0.9,14.0,52.0,32.5,0.07,0.07,0.16,0.07,0.16,0.08,0.07,0.19,0.08,0.19,58.0,1.53,203.0,146.0,74.9,18.0,6.0,14.0,9.0,23.7,7.0,7.0,0.0,0.0,0.0,1.0,7.0,3.5,31.7,0.87,0.25,0.08,0.26,17.1,0.0,0.0,0.0,0.85,0.85,0.08,0.0,0.0,568.5,703.0,81.65,8755.5,2378.5,288.5,327.0,89.2,196.5,235.0,84.9,31.0,56.0,56.1,1.0,0.9,0.6,-0.1,9.0,33.5,6.0,0.5,52.0,675.0,30.0,7.0,1.0,2.0,6.0,3.0,0.0,0.0,0.0,0.0,568.5,2.0,8.5,21.5,2.02,18.5,0.0,0.0,0.5,1.0,0.0,2.0,0.18,1.5,0.0,0.0,0.0,0.0,0.0,18.5,12.5,8.0,6.5,2.5,9.5,19.0,46.9,9.0,18.0,6.0,8.5,7.0,27.5,20.0,0.0,911.5,55.0,226.0,374.0,136.5,16.5,911.5,11.0,5.5,47.6,4.0,40.7,532.0,2522.5,1314.0,14.0,12.5,2.0,10.0,9.5,571.5,32.5,15.0,82.0,7.0,5.0,16.0,3.0,1.59,20.5,25.0,24.95,26.7,14.5,9.5,1.5,6.0,0.0,68.5,13.5,18.0,44.95,10.05,11.04,957.02,3.15,0.86,1.72,2.28,0.2,3.02,2.57,2.4,38.94,58.38,71.13,0.17,0.11,0.19,0.16,0.19,0.12,0.09,0.17,0.12,0.16,,,,,,,,,,,,,,,,3.15,27.64,9.52,24.24,1.01,0.4,0.21,0.29,5.69,2.18,0.86,1.04,3.02,2.57,0.05,1.07,1.07,414.88,537.86,5.31,7936.23,4038.55,194.09,220.23,4.58,175.06,203.25,7.67,67.21,147.21,14.15,1.72,2.4,2.0,0.99,23.02,42.21,18.17,3.6,58.38,468.13,82.6,19.03,5.91,5.03,45.59,55.16,29.72,9.16,10.94,1.6,414.88,4.66,15.44,45.26,1.47,30.98,9.47,4.07,3.24,2.58,1.1,4.83,0.17,3.3,0.59,0.68,0.6,0.51,0.49,23.19,14.42,13.52,8.59,4.29,13.46,26.62,19.4,14.97,16.92,8.58,11.72,11.56,32.67,31.39,0.71,631.73,235.85,339.32,274.78,264.89,54.52,631.19,33.72,14.14,21.9,16.08,22.35,357.6,2021.79,1157.77,38.94,20.5,22.98,18.68,13.0,401.91,71.13,11.04,7.59,10.76,4.07,6.63,3.55,0.27,17.01,16.02,15.88,19.66,11.51,12.33,4.9,45.59,0.2,50.51,15.9,14.18,20.29,21.5,16.04,1440.38,2.19,0.23,1.35,3.19,0.04,2.19,1.98,1.53,28.77,56.65,56.08,0.13,0.09,0.22,0.13,0.21,0.12,0.09,0.21,0.12,0.21,58.0,1.53,203.0,146.0,74.9,18.0,6.0,14.0,9.0,23.7,7.0,7.0,0.0,0.0,0.0,2.19,20.81,7.0,33.38,1.15,0.42,0.13,0.36,16.95,0.58,0.23,0.27,2.19,1.98,0.09,-0.0,-0.02,604.62,748.5,81.6,9987.73,3501.23,302.0,339.35,89.8,228.65,266.04,83.81,52.08,96.77,58.91,1.35,1.53,1.32,-0.19,16.54,46.08,12.88,1.92,56.65,681.15,63.88,14.27,2.81,3.81,22.81,24.73,8.58,2.69,3.31,0.38,604.62,3.46,14.27,37.85,2.32,28.5,3.0,2.12,2.0,1.42,0.81,3.73,0.19,2.62,0.12,0.31,0.27,0.23,0.19,25.81,15.65,12.81,9.08,3.92,13.27,27.27,51.12,14.0,20.38,7.96,12.42,11.88,37.69,34.0,0.46,919.04,112.85,314.73,377.19,234.65,39.08,918.77,26.46,11.81,46.92,11.5,40.79,534.73,2882.31,1514.58,28.77,19.81,10.38,18.5,13.0,597.12,56.08,16.04,81.23,10.23,5.46,17.95,3.58,1.55,24.0,24.42,23.73,29.04,15.27,12.96,3.46,22.81,0.04,70.69,16.77,17.12,47.26
15,Newcastle Utd,21.0,14.0,1279.0,1.0,0.0,1.0,2.0,0.0,1.2,1.2,1.0,19.0,52.0,54.0,0.13,0.07,0.21,0.13,0.21,0.13,0.1,0.29,0.13,0.29,16.0,1.9,58.0,42.0,70.8,9.0,2.0,4.0,5.0,22.7,0.0,0.0,0.0,0.0,20.0,1.0,13.0,4.0,33.3,1.27,0.41,0.13,0.4,15.4,0.0,0.0,0.0,1.2,1.2,0.11,0.2,0.2,488.0,580.0,81.0,7570.0,2947.0,246.0,275.0,89.5,186.0,220.0,85.8,24.0,53.0,50.9,1.0,1.0,1.1,0.0,10.0,36.0,12.0,2.0,52.0,514.0,38.0,8.0,1.0,2.0,11.0,5.0,0.0,0.0,0.0,0.0,488.0,2.0,13.0,29.0,2.32,22.0,0.0,2.0,2.0,1.0,0.0,4.0,0.34,3.0,0.0,0.0,0.0,0.0,0.0,21.0,13.0,10.0,7.0,2.0,11.0,25.0,45.6,11.0,17.0,2.0,12.0,8.0,30.0,16.0,0.0,709.0,36.0,164.0,299.0,200.0,36.0,709.0,22.0,9.0,48.35,8.0,40.4,381.0,2179.0,1213.0,19.0,16.0,5.0,16.0,12.0,435.0,54.0,14.0,82.5,8.0,3.0,22.0,0.0,1.56,31.0,23.0,26.6,24.7,10.0,15.0,1.0,11.0,0.0,60.0,10.0,12.0,47.7,9.56,11.04,924.98,4.71,1.07,3.12,2.91,0.2,4.51,3.66,2.36,31.45,63.58,58.83,0.25,0.15,0.3,0.21,0.28,0.24,0.11,0.27,0.2,0.24,19.43,1.51,61.8,41.55,16.59,5.2,2.0,4.04,2.89,17.01,2.89,2.31,0.58,0.0,,4.71,21.75,9.2,17.44,1.11,0.65,0.08,0.22,3.78,0.99,1.07,1.25,4.51,3.66,0.06,0.92,0.92,528.96,645.55,7.49,9893.47,3776.61,229.91,257.98,4.99,252.37,286.02,8.84,66.99,117.39,15.46,3.12,2.36,1.98,1.15,18.84,45.18,17.45,4.49,63.58,590.7,92.09,30.11,5.59,9.44,46.21,50.49,23.94,9.01,8.08,1.6,528.96,2.97,11.46,39.51,1.3,27.21,6.51,3.75,3.11,2.88,1.35,6.67,0.25,3.56,0.74,1.37,0.96,1.16,0.33,23.06,13.59,11.98,9.58,3.81,11.24,24.32,17.46,13.61,17.04,9.15,12.1,11.6,33.16,34.61,0.95,742.56,145.7,332.11,370.5,219.77,40.13,742.67,35.94,17.75,17.54,13.48,15.63,437.87,2464.3,1221.93,31.45,20.53,13.88,19.06,16.48,518.2,58.83,11.04,6.81,9.7,4.74,14.42,6.57,0.37,22.98,17.45,20.26,17.57,13.76,23.59,3.97,46.21,0.2,58.08,23.58,16.42,22.58,22.0,16.68,1498.72,3.32,0.32,2.2,3.08,0.04,3.11,2.82,2.08,29.32,62.0,61.68,0.21,0.11,0.32,0.19,0.31,0.19,0.12,0.31,0.18,0.3,20.67,2.32,65.0,44.33,62.03,6.0,2.0,4.67,3.33,18.67,1.67,1.33,0.33,0.0,20.0,3.32,21.64,7.84,33.5,1.35,0.55,0.13,0.42,15.14,0.36,0.32,0.36,3.11,2.82,0.11,0.21,0.18,641.16,790.12,79.26,10912.0,3839.72,305.6,343.2,89.62,267.36,308.64,85.08,53.96,99.64,50.95,2.2,2.08,1.74,0.12,16.92,43.96,15.2,3.04,62.0,717.28,70.48,20.6,3.4,5.32,25.92,27.0,7.68,3.0,2.4,0.36,641.16,2.36,14.44,39.16,2.21,28.36,2.76,2.88,2.68,1.84,0.64,5.76,0.33,3.6,0.28,0.72,0.52,0.52,0.12,26.24,15.56,12.52,10.08,3.64,11.96,27.08,39.44,15.12,19.76,6.04,13.72,11.36,37.6,27.12,0.64,955.36,97.6,321.84,403.12,239.48,43.72,955.04,29.12,14.2,44.8,11.48,43.0,543.12,2923.36,1455.32,29.32,20.24,9.72,20.2,16.0,636.52,61.68,16.68,81.92,10.88,5.32,23.09,4.28,1.54,37.32,27.04,33.35,26.83,15.24,18.68,2.32,25.92,0.04,73.08,18.08,16.44,51.17
16,Nott'ham Forest,20.0,15.0,1439.0,0.0,0.0,1.0,2.0,0.0,0.7,0.7,0.65,10.0,31.0,14.0,0.0,0.05,0.08,0.0,0.08,0.06,0.06,0.14,0.06,0.14,27.0,1.69,61.0,36.0,57.4,4.0,4.0,8.0,1.0,11.8,1.0,1.0,0.0,0.0,0.0,0.0,8.0,1.0,20.0,0.77,0.2,0.0,0.26,18.2,0.0,0.0,0.0,0.7,0.7,0.08,-0.1,-0.1,343.5,440.5,76.25,6066.0,2066.5,179.5,216.0,86.45,136.5,155.0,79.95,32.0,48.5,53.75,1.0,0.65,0.55,-0.05,7.0,21.0,5.0,0.0,31.0,410.5,31.0,7.0,1.0,1.0,5.0,2.5,0.0,0.0,0.0,0.0,343.5,2.0,8.5,16.0,1.66,14.0,0.0,0.0,1.0,0.0,0.0,2.0,0.19,1.5,0.0,0.0,0.0,0.0,0.0,19.0,11.0,9.0,5.5,1.0,8.5,18.0,50.0,6.0,11.5,3.0,6.5,8.5,27.0,25.0,0.0,592.0,44.5,180.0,284.5,107.0,12.5,592.0,9.0,3.5,43.85,4.0,44.1,275.5,1113.5,570.5,10.0,9.5,1.0,9.5,6.0,335.0,14.0,15.0,82.5,7.5,3.5,18.5,3.5,0.97,16.5,25.0,17.95,20.5,10.5,7.0,0.5,5.0,0.0,48.0,14.0,10.0,54.5,9.96,8.64,772.05,3.12,0.18,2.39,2.33,0.31,2.65,2.59,1.88,29.05,37.29,54.09,0.17,0.11,0.22,0.17,0.22,0.13,0.08,0.18,0.13,0.18,8.96,0.42,29.57,21.2,8.78,1.73,2.65,2.31,0.58,6.89,0.58,0.58,0.0,0.0,0.0,3.12,17.47,7.02,19.28,0.74,0.35,0.09,0.35,5.17,0.82,0.18,0.18,2.65,2.59,0.06,1.33,1.34,274.14,363.58,6.9,5135.11,2553.51,131.17,153.52,7.39,119.4,142.48,11.35,44.34,91.62,13.56,2.39,1.88,1.39,0.88,14.88,28.89,9.67,3.76,37.29,329.93,60.51,20.01,3.28,4.68,37.1,37.87,17.93,8.44,8.2,0.0,274.14,2.7,10.04,30.49,1.19,19.64,7.01,2.51,2.16,1.78,0.63,3.88,0.25,3.23,0.59,0.63,0.31,0.31,0.25,21.0,12.58,13.86,7.24,2.98,9.66,16.96,18.08,8.36,13.83,6.34,9.37,10.64,30.14,35.61,0.82,465.12,113.81,213.06,225.29,180.58,31.96,465.03,27.67,12.26,18.9,12.74,17.21,251.85,1582.49,919.52,29.05,16.9,10.28,19.91,10.8,292.59,54.09,8.64,8.42,7.4,4.36,8.25,5.42,0.22,12.27,15.75,12.26,12.23,12.68,15.1,4.42,37.1,0.25,46.94,18.22,21.63,19.34,19.0,13.93,1248.77,1.63,0.03,1.43,2.73,0.1,1.68,1.65,1.27,20.07,37.93,37.33,0.09,0.09,0.17,0.08,0.17,0.1,0.08,0.19,0.1,0.18,22.33,1.91,54.33,32.67,58.3,3.0,3.0,6.67,1.33,12.7,1.33,1.33,0.0,0.0,0.0,1.63,14.93,4.77,22.5,1.01,0.28,0.07,0.32,16.81,0.23,0.03,0.03,1.68,1.65,0.1,-0.04,-0.05,395.23,521.7,75.81,6990.37,2765.27,183.23,213.27,86.31,158.57,195.0,80.38,42.07,83.0,55.47,1.43,1.27,0.93,0.16,10.83,30.07,8.13,2.03,37.93,464.9,54.23,13.63,1.77,2.77,19.83,22.03,4.93,2.67,1.83,0.0,395.23,2.57,10.47,26.0,1.78,18.77,2.23,1.63,1.87,1.07,0.43,3.0,0.23,2.33,0.17,0.23,0.1,0.1,0.07,24.27,14.3,14.57,7.3,2.4,10.83,20.2,51.64,9.37,16.2,5.6,10.6,11.0,35.27,32.27,0.43,669.5,83.1,244.43,276.63,155.7,26.1,669.47,20.03,9.17,49.67,8.87,42.71,340.1,1823.07,972.1,20.07,13.13,5.2,17.57,9.5,392.03,37.33,13.93,80.53,8.57,5.07,18.04,5.03,0.98,17.97,24.47,18.26,19.4,14.13,12.37,2.57,19.83,0.07,60.2,19.37,18.5,55.8
17,Sheffield Utd,14.5,11.0,940.5,0.0,0.0,0.0,2.0,0.0,0.45,0.4,0.45,7.0,16.5,18.0,0.0,0.0,0.0,0.0,0.0,0.06,0.04,0.11,0.04,0.11,52.0,2.8,131.5,83.0,60.65,1.5,3.5,14.0,0.5,1.7,3.5,2.5,0.0,1.0,0.0,0.0,6.5,1.5,29.25,0.57,0.18,0.0,0.0,15.8,0.0,0.0,0.0,0.45,0.4,0.08,-0.2,-0.3,217.0,308.5,71.05,3094.0,1101.5,112.0,132.0,85.3,71.5,94.5,78.55,15.0,41.0,42.2,0.0,0.45,0.4,-0.2,3.5,17.5,4.5,1.0,16.5,269.5,20.5,2.0,0.0,1.0,6.0,1.5,0.0,0.0,0.0,0.0,217.0,2.0,9.0,12.0,1.38,8.0,0.0,0.0,1.0,0.0,0.0,1.0,0.03,0.0,0.0,0.0,0.0,0.0,0.0,17.5,9.0,6.5,6.0,2.0,6.5,14.0,42.15,7.0,12.5,3.0,6.5,7.5,23.5,19.0,0.0,412.5,31.0,127.0,177.5,98.5,10.0,412.5,13.0,5.0,48.75,5.5,44.95,219.5,1137.0,567.5,7.0,6.5,2.5,10.5,7.5,244.0,18.0,11.0,79.5,7.0,4.5,25.0,2.0,0.42,11.0,28.5,9.4,21.05,10.0,10.5,1.0,6.0,0.0,39.0,8.0,16.0,45.35,10.58,10.55,943.25,1.83,0.46,1.33,3.11,0.46,1.9,1.66,1.25,13.34,30.05,33.77,0.12,0.06,0.17,0.1,0.14,0.12,0.09,0.16,0.11,0.15,38.18,0.17,102.53,66.47,4.31,2.12,0.71,11.31,0.71,2.4,3.54,3.54,0.0,0.0,,1.83,13.64,4.79,25.31,0.8,0.34,0.05,0.16,5.59,1.14,0.46,0.46,1.9,1.66,0.07,0.54,0.56,273.21,381.77,7.47,5469.5,3210.01,122.01,142.16,8.81,124.45,151.12,12.4,52.06,139.72,15.87,1.33,1.25,0.93,0.55,13.5,23.43,8.17,2.13,30.05,328.91,82.64,25.69,1.44,2.7,23.64,42.94,15.4,8.36,5.98,0.81,273.21,2.26,9.11,23.2,0.98,15.55,4.55,2.58,1.74,1.17,0.67,2.57,0.14,2.02,0.25,0.43,0.41,0.31,0.18,26.14,15.9,14.96,9.9,3.35,10.82,20.78,21.61,10.97,15.81,8.27,9.75,11.89,36.59,41.68,1.28,483.15,178.87,281.84,213.42,119.8,22.5,483.12,21.76,9.52,23.83,11.48,21.18,212.94,1152.1,592.12,13.34,9.39,6.04,16.3,11.43,246.2,33.77,10.55,15.16,9.42,3.77,8.58,5.18,0.17,10.27,28.53,11.08,20.54,12.93,7.69,3.17,23.64,0.5,47.06,26.5,23.62,19.71,18.8,13.93,1247.1,1.03,0.17,0.6,3.37,0.17,1.32,1.19,0.87,11.4,29.43,29.07,0.06,0.03,0.09,0.04,0.08,0.09,0.07,0.17,0.09,0.16,52.0,2.8,131.5,83.0,60.65,1.5,3.5,14.0,0.5,1.7,3.5,2.5,0.0,1.0,0.0,1.03,12.0,3.9,31.07,0.87,0.29,0.03,0.12,16.69,0.27,0.17,0.17,1.32,1.19,0.1,-0.29,-0.32,317.0,449.37,69.93,5655.5,2376.1,149.27,177.93,83.34,124.33,156.27,75.88,34.8,87.6,45.99,0.6,0.87,0.71,-0.27,8.57,23.37,6.6,1.6,29.43,391.3,55.93,12.67,0.83,1.73,14.23,22.13,4.7,2.33,1.57,0.2,317.0,2.13,10.6,20.03,1.53,14.17,1.97,1.3,1.5,0.73,0.37,1.6,0.11,1.07,0.07,0.13,0.2,0.1,0.03,23.6,13.5,12.47,8.27,2.87,9.93,21.1,39.34,11.17,17.03,6.0,11.03,11.6,35.2,34.73,0.6,597.0,93.77,238.03,237.57,127.37,21.47,596.83,19.23,8.33,44.93,9.47,43.86,276.77,1441.0,677.5,11.4,9.5,4.23,16.23,10.73,314.27,29.07,13.93,73.8,8.77,4.87,26.33,4.3,0.38,12.8,37.77,13.96,27.88,14.1,10.6,2.13,14.23,0.23,54.47,19.5,23.07,41.67
18,Tottenham,27.5,15.5,1401.0,1.5,0.0,1.0,3.0,0.0,1.65,1.65,0.85,23.0,71.5,33.0,0.08,0.1,0.18,0.08,0.18,0.11,0.08,0.24,0.11,0.24,61.0,1.61,167.0,109.0,67.7,20.0,6.0,12.0,7.0,18.4,7.0,7.0,0.0,0.0,0.0,1.5,15.5,5.0,33.85,1.56,0.36,0.08,0.28,15.6,0.0,0.0,0.0,1.65,1.65,0.11,-0.25,-0.25,826.5,944.0,86.25,12816.0,3203.0,414.5,437.0,91.5,288.0,350.0,88.3,30.5,45.0,63.6,1.0,0.85,1.45,0.0,10.0,43.0,12.0,1.0,71.5,851.5,36.5,8.5,2.0,1.0,13.0,8.0,0.0,0.0,0.0,0.0,826.5,3.0,17.5,32.5,2.47,24.0,0.0,1.0,1.5,0.5,0.0,3.0,0.28,2.5,0.0,0.0,0.0,0.0,0.0,23.5,15.0,10.0,8.0,3.0,11.5,22.5,50.85,11.5,16.0,3.5,11.5,10.0,35.0,17.5,1.0,1098.5,37.0,170.5,465.5,249.5,21.5,1098.5,22.0,10.5,48.8,8.5,41.6,661.5,3584.5,1932.0,23.0,21.0,4.0,15.0,10.5,781.0,33.0,15.5,83.0,5.0,5.0,21.0,0.5,1.78,34.0,27.5,28.9,26.95,13.5,18.0,1.0,13.0,0.0,60.5,8.5,14.5,38.5,10.93,12.69,1045.63,4.11,0.41,3.31,2.84,0.48,3.45,3.28,3.24,39.77,68.79,109.0,0.17,0.26,0.33,0.17,0.33,0.16,0.18,0.28,0.15,0.27,,,,,,,,,,,,,,,,4.11,23.99,10.06,14.79,1.07,0.41,0.1,0.24,4.68,1.14,0.41,0.41,3.45,3.28,0.06,2.0,1.95,634.89,722.45,7.37,10689.08,4504.21,313.1,337.5,5.12,305.56,322.78,9.16,42.42,89.23,15.05,3.31,3.24,2.38,1.44,22.46,58.86,21.44,4.48,68.79,648.9,109.41,31.92,5.13,3.37,47.96,70.26,27.64,11.46,9.89,0.2,634.89,3.37,18.15,44.38,2.19,33.09,7.03,3.28,2.8,2.2,1.32,5.31,0.39,4.08,0.75,0.75,0.41,0.34,0.38,26.49,16.75,13.56,10.25,5.57,14.74,27.0,23.28,13.65,15.58,6.28,11.86,13.02,38.54,31.99,1.32,819.57,256.42,423.11,420.46,305.87,64.89,819.55,33.11,13.53,11.46,17.01,12.3,516.51,2611.07,1417.43,39.77,21.28,22.17,21.88,16.42,569.2,109.0,12.69,8.95,11.41,6.82,7.44,5.13,0.32,22.74,16.7,20.57,18.13,15.48,16.7,5.47,47.96,0.34,59.73,18.53,14.3,24.1,23.75,17.42,1554.29,2.83,0.08,2.42,3.71,0.17,2.86,2.8,2.4,39.79,87.58,87.0,0.14,0.19,0.32,0.13,0.32,0.17,0.16,0.33,0.16,0.33,61.0,1.61,167.0,109.0,67.7,20.0,6.0,12.0,7.0,18.4,7.0,7.0,0.0,0.0,0.0,2.83,24.12,8.58,30.43,1.48,0.46,0.1,0.29,16.23,0.46,0.08,0.08,2.86,2.8,0.12,-0.03,-0.05,857.04,1004.29,83.97,13541.46,4623.79,441.08,482.04,90.3,347.08,387.96,86.51,45.21,79.08,60.44,2.42,2.4,2.17,0.02,19.17,65.58,18.92,2.71,87.58,919.92,80.92,26.46,3.79,2.46,29.58,30.08,9.75,3.88,2.92,0.04,857.04,3.46,20.0,43.75,2.93,34.08,2.5,2.46,2.5,1.29,0.92,5.08,0.38,4.0,0.29,0.29,0.21,0.12,0.17,30.08,18.75,13.92,11.0,5.17,15.0,28.75,52.06,13.75,18.42,5.42,13.0,14.75,44.83,29.21,1.0,1183.42,115.83,353.71,508.29,332.29,54.54,1183.33,33.54,14.92,48.93,14.92,39.72,749.54,3851.04,1935.54,39.79,26.29,14.5,22.92,15.5,849.5,87.0,17.42,79.91,10.17,6.33,21.42,3.42,1.78,33.67,27.46,30.99,28.51,17.5,21.04,3.33,29.58,0.12,79.21,14.75,15.92,41.5
19,West Ham,23.5,21.0,1776.0,1.0,0.0,0.0,2.5,0.0,1.3,1.25,0.35,10.0,33.5,28.0,0.04,0.0,0.1,0.04,0.1,0.07,0.06,0.12,0.07,0.12,37.0,2.2,120.5,84.5,70.25,7.0,5.0,7.0,2.5,13.6,5.0,4.0,1.0,0.0,14.3,1.0,13.0,3.0,27.8,0.93,0.3,0.07,0.32,17.3,0.0,0.0,0.0,1.3,1.25,0.1,-0.05,-0.05,483.0,668.5,75.5,8262.0,2709.5,148.5,167.5,88.6,186.0,217.0,81.1,53.5,95.0,49.8,0.0,0.35,0.35,0.0,5.0,26.5,5.0,0.5,33.5,576.0,39.5,10.5,1.0,4.0,7.0,3.0,0.0,0.0,0.0,0.0,483.0,2.0,9.5,16.5,1.94,12.5,0.5,0.0,1.0,1.0,1.0,1.5,0.16,1.0,0.0,0.0,0.0,0.0,0.0,19.0,11.0,11.5,7.5,1.5,9.5,16.0,49.05,8.5,18.5,3.0,8.5,8.5,31.0,15.0,0.0,898.5,51.5,224.0,299.0,108.5,22.5,898.5,12.5,6.0,46.2,6.5,41.9,445.5,2329.0,1216.5,10.0,9.5,2.0,11.5,8.0,408.5,28.0,21.0,85.5,15.0,3.0,23.0,3.0,1.34,30.0,39.0,26.05,36.65,14.5,6.5,1.0,7.0,0.0,62.5,20.0,23.0,50.95,10.83,13.51,1137.04,4.01,0.59,2.65,3.5,0.35,3.06,2.93,2.23,32.0,52.04,64.37,0.2,0.09,0.23,0.2,0.23,0.12,0.07,0.17,0.11,0.16,22.63,0.6,95.46,72.83,6.01,5.66,5.66,5.66,2.12,0.99,2.83,1.41,1.41,0.0,20.22,4.01,22.5,8.71,14.61,0.97,0.34,0.08,0.25,5.27,3.41,0.59,0.61,3.06,2.93,0.04,1.31,1.28,450.2,565.02,6.76,7620.07,3596.89,249.37,277.42,6.32,174.5,203.84,10.5,59.08,128.37,15.86,2.65,2.23,1.92,0.92,16.95,43.93,13.81,5.64,52.04,497.87,106.56,25.07,6.28,8.36,47.52,84.0,25.82,14.53,11.28,0.0,450.2,3.02,20.02,36.93,1.35,22.97,11.23,5.45,2.17,3.21,1.25,6.06,0.21,4.16,1.54,0.79,0.79,0.5,0.35,30.23,19.47,16.39,11.67,4.83,14.12,25.25,18.05,12.2,19.22,9.64,13.04,15.61,44.08,45.72,0.85,693.22,181.01,292.8,357.52,221.48,40.97,692.94,50.31,27.07,25.15,19.69,22.04,361.87,2009.98,982.43,32.0,18.0,13.11,27.32,26.58,425.78,64.37,13.51,7.6,11.75,4.3,9.8,9.37,0.32,21.26,24.11,17.38,23.26,15.32,20.61,5.56,47.52,0.5,67.62,26.35,23.53,23.85,23.36,19.0,1701.73,2.59,0.18,1.82,3.64,0.14,2.38,2.2,1.6,25.27,54.77,53.77,0.13,0.07,0.2,0.13,0.19,0.12,0.07,0.2,0.11,0.19,37.0,2.2,120.5,84.5,70.25,7.0,5.0,7.0,2.5,13.6,5.0,4.0,1.0,0.0,14.3,2.59,20.14,6.59,30.72,1.17,0.38,0.09,0.3,16.63,0.77,0.18,0.23,2.38,2.2,0.09,0.21,0.21,569.41,742.05,75.27,9948.5,3885.5,273.27,310.0,87.5,218.64,261.05,82.09,60.41,123.5,47.06,1.82,1.6,1.4,0.22,13.86,44.5,10.23,3.23,54.77,660.18,78.64,19.5,2.73,7.18,30.05,32.68,7.5,4.23,2.77,0.0,569.41,3.23,18.68,35.45,1.98,23.45,4.14,2.64,1.95,2.14,1.14,4.73,0.21,3.18,0.5,0.36,0.36,0.18,0.14,31.05,19.32,15.91,11.5,3.64,13.95,27.55,49.53,13.59,22.05,8.09,13.95,16.36,47.41,41.14,0.41,946.0,118.27,331.45,412.05,212.41,34.0,945.73,33.86,16.05,46.21,14.59,44.24,506.82,2752.45,1307.82,25.27,16.68,7.64,23.14,18.05,564.27,53.77,19.0,82.5,13.95,4.36,22.18,7.27,1.28,29.82,36.77,25.96,35.3,17.55,17.77,3.23,30.05,0.18,82.23,25.91,25.59,50.49
20,Wolves,25.0,11.0,1222.0,1.0,0.0,0.0,2.0,0.0,1.1,1.1,1.0,21.0,37.0,17.0,0.03,0.0,0.05,0.03,0.05,0.06,0.05,0.12,0.06,0.12,32.5,1.68,101.5,69.5,63.35,6.5,3.5,9.0,2.5,22.35,4.0,4.0,0.0,0.0,0.0,1.0,11.0,3.0,33.3,1.03,0.23,0.06,0.2,16.6,0.0,0.0,0.0,1.1,1.1,0.1,-0.2,-0.2,515.0,653.0,79.7,7798.0,2105.0,256.0,312.0,89.4,174.0,212.0,84.7,31.0,57.0,51.4,0.0,1.0,0.7,-0.1,8.0,22.0,7.0,1.0,37.0,566.0,46.0,11.0,1.0,3.0,11.0,7.0,0.0,0.0,0.0,0.0,515.0,2.0,11.0,19.0,1.91,16.0,0.0,1.0,1.0,0.0,0.0,2.0,0.09,1.0,0.0,0.0,0.0,0.0,0.0,20.0,13.0,9.0,7.0,2.0,9.0,21.0,50.0,9.0,17.0,2.0,12.0,7.0,30.0,18.0,0.0,811.0,33.0,170.0,345.0,133.0,22.0,811.0,16.0,10.0,53.05,5.0,37.6,478.0,2586.0,999.0,21.0,14.0,2.0,12.0,7.0,481.0,17.0,11.0,81.0,5.0,4.0,20.5,2.0,1.16,18.0,24.0,17.7,23.8,13.0,11.0,2.0,11.0,0.0,65.0,8.0,21.0,41.9,11.93,13.36,1113.96,3.28,0.47,2.52,3.76,0.37,2.5,2.24,1.49,32.98,43.54,52.87,0.24,0.13,0.3,0.24,0.28,0.14,0.12,0.25,0.14,0.24,36.06,0.06,122.33,86.97,14.21,7.78,4.95,9.9,2.12,15.49,5.66,5.66,0.0,0.0,,3.28,18.55,8.26,17.19,0.8,0.4,0.11,0.26,4.89,1.53,0.47,0.47,2.5,2.24,0.05,1.23,1.2,541.46,647.59,6.76,9491.71,3638.3,266.07,292.21,6.08,250.84,276.74,9.4,53.7,122.96,15.67,2.52,1.49,1.29,1.43,12.92,34.32,11.17,3.36,43.54,601.58,82.29,18.37,2.85,6.28,35.13,56.43,15.51,7.95,4.24,2.08,541.46,3.18,12.65,27.81,1.22,17.4,6.0,3.27,2.19,2.61,1.26,4.26,0.22,2.66,0.89,0.74,0.44,0.68,0.28,32.05,19.46,18.78,11.46,3.33,12.25,23.29,18.68,12.03,18.7,10.49,11.87,12.15,41.81,44.67,1.32,763.99,221.51,408.83,359.69,183.95,32.75,763.95,39.48,19.55,23.58,16.43,20.14,428.66,2306.75,1297.18,32.98,23.0,11.37,22.44,16.64,508.94,52.87,13.36,8.12,11.52,6.07,11.89,7.86,0.38,17.55,20.41,15.38,21.73,17.27,15.11,3.6,35.13,0.2,64.41,21.99,14.68,25.28,22.48,16.72,1499.88,1.88,0.16,1.44,4.08,0.16,1.93,1.8,1.3,26.84,47.2,46.44,0.12,0.07,0.19,0.11,0.18,0.13,0.09,0.22,0.13,0.21,32.5,1.68,101.5,69.5,63.35,6.5,3.5,9.0,2.5,22.35,4.0,4.0,0.0,0.0,0.0,1.88,17.0,6.12,31.2,1.14,0.4,0.08,0.24,16.25,0.48,0.16,0.16,1.93,1.8,0.1,-0.05,-0.08,619.12,766.76,79.22,10233.84,3385.84,307.68,343.0,89.04,243.88,280.52,84.57,48.72,101.08,51.54,1.44,1.3,1.11,0.14,12.64,36.4,9.56,2.44,47.2,696.12,67.52,17.56,1.96,5.0,23.12,27.36,6.24,3.0,1.64,0.6,619.12,3.12,13.32,29.68,1.97,20.72,2.68,2.12,1.88,1.68,0.6,3.24,0.16,2.08,0.28,0.28,0.24,0.28,0.08,29.56,17.2,16.6,9.88,3.08,12.48,24.2,46.85,11.72,20.2,6.88,13.32,11.36,40.92,33.12,0.64,939.04,112.88,346.92,410.28,192.04,29.56,938.88,32.92,16.6,57.85,12.96,32.92,522.08,2852.52,1469.12,26.84,20.72,6.72,21.4,15.56,613.72,46.44,16.72,79.92,10.72,5.76,22.35,5.84,1.03,21.96,28.48,20.52,29.55,19.04,16.16,3.12,23.12,0.04,75.4,17.64,19.64,43.34
